date,indicator,excess_value,q_grade,q_label,g_grade,g_label,tradeable,fwd_20d_max_return,fwd_20d_min_return,fwd_20d_median_return,fwd_20d_peak_day,fwd_20d_trough_day,fwd_20d_median_day,fwd_20d_retention,long_upside,long_adverse,short_upside,short_adverse
20250516,excess_5d,,,,,,1,1.5273,-11.0376,-6.6289,3.0,11.0,20.0,-2.0,1.5273,-11.0376,11.0376,-1.5273
20250516,excess_10d,,,,,,1,1.5273,-11.0376,-6.6289,3.0,11.0,20.0,-2.0,1.5273,-11.0376,11.0376,-1.5273
20250516,daily_excess,0.0,3.0,中性,,,1,1.5273,-11.0376,-6.6289,3.0,11.0,20.0,-2.0,1.5273,-11.0376,11.0376,-1.5273
20250519,excess_5d,,,,,,1,2.268,-10.3886,-6.0904,2.0,10.0,19.0,-2.0,2.268,-10.3886,10.3886,-2.268
20250519,excess_10d,,,,,,1,2.268,-10.3886,-6.0904,2.0,10.0,19.0,-2.0,2.268,-10.3886,10.3886,-2.268
20250519,daily_excess,-1.4916,2.0,偏冷,2.0,小降,1,2.268,-10.3886,-6.0904,2.0,10.0,19.0,-2.0,2.268,-10.3886,10.3886,-2.268
20250520,excess_5d,,,,,,1,2.4142,-10.2605,-6.1865,1.0,9.0,13.0,-2.0,2.4142,-10.2605,10.2605,-2.4142
20250520,excess_10d,,,,,,1,2.4142,-10.2605,-6.1865,1.0,9.0,13.0,-2.0,2.4142,-10.2605,10.2605,-2.4142
20250520,daily_excess,0.1268,3.0,中性,4.0,小升,1,2.4142,-10.2605,-6.1865,1.0,9.0,13.0,-2.0,2.4142,-10.2605,10.2605,-2.4142
20250521,excess_5d,,,,,,1,0.0779,-12.0212,-8.323,1.0,8.0,12.0,,0.0779,-12.0212,12.0212,-0.0779
20250521,excess_10d,,,,,,1,0.0779,-12.0212,-8.323,1.0,8.0,12.0,,0.0779,-12.0212,12.0212,-0.0779
20250521,daily_excess,2.882,5.0,极热,4.0,小升,1,0.0779,-12.0212,-8.323,1.0,8.0,12.0,,0.0779,-12.0212,12.0212,-0.0779
20250522,excess_5d,,,,,,1,4.1551,-9.239,-4.2366,13.0,20.0,14.0,-1.0196,4.1551,-9.239,9.239,-4.1551
20250522,excess_10d,,,,,,1,4.1551,-9.239,-4.2366,13.0,20.0,14.0,-1.0196,4.1551,-9.239,9.239,-4.1551
20250522,daily_excess,-3.3507,1.0,极冷,1.0,大降,1,4.1551,-9.239,-4.2366,13.0,20.0,14.0,-1.0196,4.1551,-9.239,9.239,-4.1551
20250523,excess_5d,-2.8888,2.0,偏冷,,,1,6.5333,-8.05,-2.1,12.0,20.0,16.0,-0.3214,6.5333,-8.05,8.05,-6.5333
20250523,excess_10d,,,,,,1,6.5333,-8.05,-2.1,12.0,20.0,16.0,-0.3214,6.5333,-8.05,8.05,-6.5333
20250523,daily_excess,-1.0553,2.0,偏冷,4.0,小升,1,6.5333,-8.05,-2.1,12.0,20.0,16.0,-0.3214,6.5333,-8.05,8.05,-6.5333
20250526,excess_5d,-3.8039,1.0,极冷,3.0,稳定,1,8.0277,-6.7602,-0.845,11.0,19.0,15.0,-0.1053,8.0277,-6.7602,6.7602,-8.0277
20250526,excess_10d,,,,,,1,8.0277,-6.7602,-0.845,11.0,19.0,15.0,-0.1053,8.0277,-6.7602,6.7602,-8.0277
20250526,daily_excess,-2.4067,1.0,极冷,2.0,小降,1,8.0277,-6.7602,-0.845,11.0,19.0,15.0,-0.1053,8.0277,-6.7602,6.7602,-8.0277
20250527,excess_5d,-5.5934,1.0,极冷,2.0,小降,1,10.2639,-4.8301,1.2075,10.0,18.0,14.0,0.1176,10.2639,-4.8301,4.8301,-10.2639
20250527,excess_10d,,,,,,1,10.2639,-4.8301,1.2075,10.0,18.0,14.0,0.1176,10.2639,-4.8301,4.8301,-10.2639
20250527,daily_excess,-1.6627,2.0,偏冷,3.0,稳定,1,10.2639,-4.8301,1.2075,10.0,18.0,14.0,0.1176,10.2639,-4.8301,4.8301,-10.2639
20250528,excess_5d,-6.6791,1.0,极冷,2.0,小降,1,9.321,-5.6439,0.3421,9.0,17.0,13.0,0.0367,9.321,-5.6439,5.6439,-9.321
20250528,excess_10d,,,,,,1,9.321,-5.6439,0.3421,9.0,17.0,13.0,0.0367,9.321,-5.6439,5.6439,-9.321
20250528,daily_excess,1.7963,4.0,偏热,5.0,大升,1,9.321,-5.6439,0.3421,9.0,17.0,13.0,0.0367,9.321,-5.6439,5.6439,-9.321
20250529,excess_5d,-2.4759,2.0,偏冷,5.0,大升,1,6.6756,-7.9272,-2.0861,8.0,16.0,12.0,-0.3125,6.6756,-7.9272,7.9272,-6.6756
20250529,excess_10d,,,,,,1,6.6756,-7.9272,-2.0861,8.0,16.0,12.0,-0.3125,6.6756,-7.9272,7.9272,-6.6756
20250529,daily_excess,0.8525,4.0,偏热,2.0,小降,1,6.6756,-7.9272,-2.0861,8.0,16.0,12.0,-0.3125,6.6756,-7.9272,7.9272,-6.6756
20250530,excess_5d,-3.5167,2.0,偏冷,3.0,稳定,1,8.726,-6.1575,-0.2041,7.0,15.0,11.0,-0.0234,8.726,-6.1575,6.1575,-8.726
20250530,excess_10d,-6.4055,1.0,极冷,,,1,8.726,-6.1575,-0.2041,7.0,15.0,11.0,-0.0234,8.726,-6.1575,6.1575,-8.726
20250530,daily_excess,-2.0961,2.0,偏冷,2.0,小降,1,8.726,-6.1575,-0.2041,7.0,15.0,11.0,-0.0234,8.726,-6.1575,6.1575,-8.726
20250603,excess_5d,-4.9058,1.0,极冷,2.0,小降,1,11.1072,-4.1022,1.9816,6.0,14.0,10.0,0.1784,11.1072,-4.1022,4.1022,-11.1072
20250603,excess_10d,-8.7097,1.0,极冷,2.0,小降,1,11.1072,-4.1022,1.9816,6.0,14.0,10.0,0.1784,11.1072,-4.1022,4.1022,-11.1072
20250603,daily_excess,-3.7958,1.0,极冷,2.0,小降,1,11.1072,-4.1022,1.9816,6.0,14.0,10.0,0.1784,11.1072,-4.1022,4.1022,-11.1072
20250604,excess_5d,-2.8882,2.0,偏冷,4.0,小升,1,10.6074,-4.5337,1.5228,5.0,13.0,9.0,0.1436,10.6074,-4.5337,4.5337,-10.6074
20250604,excess_10d,-8.4816,1.0,极冷,3.0,稳定,1,10.6074,-4.5337,1.5228,5.0,13.0,9.0,0.1436,10.6074,-4.5337,4.5337,-10.6074
20250604,daily_excess,0.3549,3.0,中性,5.0,大升,1,10.6074,-4.5337,1.5228,5.0,13.0,9.0,0.1436,10.6074,-4.5337,4.5337,-10.6074
20250605,excess_5d,2.914,4.0,偏热,5.0,大升,1,5.6664,-11.9393,-6.3528,20.0,12.0,8.0,-1.1211,5.6664,-11.9393,11.9393,-5.6664
20250605,excess_10d,-3.7651,2.0,偏冷,5.0,大升,1,5.6664,-11.9393,-6.3528,20.0,12.0,8.0,-1.1211,5.6664,-11.9393,11.9393,-5.6664
20250605,daily_excess,7.5985,5.0,极热,5.0,大升,1,5.6664,-11.9393,-6.3528,20.0,12.0,8.0,-1.1211,5.6664,-11.9393,11.9393,-5.6664
20250606,excess_5d,-2.4164,2.0,偏冷,1.0,大降,1,10.0399,-8.2945,-2.4767,19.0,11.0,7.0,-0.2467,10.0399,-8.2945,8.2945,-10.0399
20250606,excess_10d,-4.8923,2.0,偏冷,2.0,小降,1,10.0399,-8.2945,-2.4767,19.0,11.0,7.0,-0.2467,10.0399,-8.2945,8.2945,-10.0399
20250606,daily_excess,-4.4779,1.0,极冷,1.0,大降,1,10.0399,-8.2945,-2.4767,19.0,11.0,7.0,-0.2467,10.0399,-8.2945,8.2945,-10.0399
20250609,excess_5d,-2.2062,2.0,偏冷,3.0,稳定,1,12.2795,-6.4281,-0.4919,18.0,10.0,6.0,-0.0401,12.2795,-6.4281,6.4281,-12.2795
20250609,excess_10d,-5.7228,1.0,极冷,3.0,稳定,1,12.2795,-6.4281,-0.4919,18.0,10.0,6.0,-0.0401,12.2795,-6.4281,6.4281,-12.2795
20250609,daily_excess,-1.8858,2.0,偏冷,4.0,小升,1,12.2795,-6.4281,-0.4919,18.0,10.0,6.0,-0.0401,12.2795,-6.4281,6.4281,-12.2795
20250610,excess_5d,4.5003,4.0,偏热,5.0,大升,1,11.5417,-7.043,-1.1457,17.0,9.0,5.0,-0.0993,11.5417,-7.043,7.043,-11.5417
20250610,excess_10d,-0.4056,3.0,中性,5.0,大升,1,11.5417,-7.043,-1.1457,17.0,9.0,5.0,-0.0993,11.5417,-7.043,7.043,-11.5417
20250610,daily_excess,2.9106,5.0,极热,5.0,大升,1,11.5417,-7.043,-1.1457,17.0,9.0,5.0,-0.0993,11.5417,-7.043,7.043,-11.5417
20250611,excess_5d,8.2992,5.0,极热,5.0,大升,1,7.485,-10.4238,-4.741,16.0,8.0,4.0,-0.6334,7.485,-10.4238,10.4238,-7.485
20250611,excess_10d,5.411,4.0,偏热,5.0,大升,1,7.485,-10.4238,-4.741,16.0,8.0,4.0,-0.6334,7.485,-10.4238,10.4238,-7.485
20250611,daily_excess,4.1539,5.0,极热,4.0,小升,1,7.485,-10.4238,-4.741,16.0,8.0,4.0,-0.6334,7.485,-10.4238,10.4238,-7.485
20250612,excess_5d,-2.6954,2.0,偏冷,1.0,大降,1,12.6809,-6.0936,-0.1362,15.0,7.0,3.0,-0.0107,12.6809,-6.0936,6.0936,-12.6809
20250612,excess_10d,0.2186,3.0,中性,1.0,大降,1,12.6809,-6.0936,-0.1362,15.0,7.0,3.0,-0.0107,12.6809,-6.0936,6.0936,-12.6809
20250612,daily_excess,-3.3962,1.0,极冷,1.0,大降,1,12.6809,-6.0936,-0.1362,15.0,7.0,3.0,-0.0107,12.6809,-6.0936,6.0936,-12.6809
20250613,excess_5d,1.0897,3.0,中性,5.0,大升,1,12.95,-5.8693,0.273,14.0,6.0,2.0,0.0211,12.95,-5.8693,5.8693,-12.95
20250613,excess_10d,-1.3267,2.0,偏冷,2.0,小降,1,12.95,-5.8693,0.273,14.0,6.0,2.0,0.0211,12.95,-5.8693,5.8693,-12.95
20250613,daily_excess,-0.6928,3.0,中性,4.0,小升,1,12.95,-5.8693,0.273,14.0,6.0,2.0,0.0211,12.95,-5.8693,5.8693,-12.95
20250616,excess_5d,3.9155,4.0,偏热,4.0,小升,1,11.73,-6.8861,-0.8101,13.0,5.0,1.0,-0.0691,11.73,-6.8861,6.8861,-11.73
20250616,excess_10d,1.7093,3.0,中性,4.0,小升,1,11.73,-6.8861,-0.8101,13.0,5.0,1.0,-0.0691,11.73,-6.8861,6.8861,-11.73
20250616,daily_excess,0.94,4.0,偏热,4.0,小升,1,11.73,-6.8861,-0.8101,13.0,5.0,1.0,-0.0691,11.73,-6.8861,6.8861,-11.73
20250617,excess_5d,-0.1799,3.0,中性,1.0,大降,1,12.7192,-6.0616,0.2809,12.0,4.0,8.0,0.0221,12.7192,-6.0616,6.0616,-12.7192
20250617,excess_10d,4.3203,4.0,偏热,4.0,小升,1,12.7192,-6.0616,0.2809,12.0,4.0,8.0,0.0221,12.7192,-6.0616,6.0616,-12.7192
20250617,daily_excess,-1.1848,2.0,偏冷,2.0,小降,1,12.7192,-6.0616,0.2809,12.0,4.0,8.0,0.0221,12.7192,-6.0616,6.0616,-12.7192
20250618,excess_5d,-4.838,1.0,极冷,1.0,大降,1,13.6481,-5.2876,1.7511,11.0,3.0,19.0,0.1283,13.6481,-5.2876,5.2876,-13.6481
20250618,excess_10d,3.4613,4.0,偏热,3.0,稳定,1,13.6481,-5.2876,1.7511,11.0,3.0,19.0,0.1283,13.6481,-5.2876,5.2876,-13.6481
20250618,daily_excess,-0.5042,3.0,中性,3.0,稳定,1,13.6481,-5.2876,1.7511,11.0,3.0,19.0,0.1283,13.6481,-5.2876,5.2876,-13.6481
20250619,excess_5d,-0.3103,3.0,中性,5.0,大升,1,14.3351,-4.715,3.0743,10.0,2.0,17.0,0.2145,14.3351,-4.715,4.715,-14.3351
20250619,excess_10d,-3.0057,2.0,偏冷,1.0,大降,1,14.3351,-4.715,3.0743,10.0,2.0,17.0,0.2145,14.3351,-4.715,4.715,-14.3351
20250619,daily_excess,1.1315,4.0,偏热,4.0,小升,1,14.3351,-4.715,3.0743,10.0,2.0,17.0,0.2145,14.3351,-4.715,4.715,-14.3351
20250620,excess_5d,-2.0756,2.0,偏冷,2.0,小降,1,18.787,-1.0048,7.5722,9.0,1.0,14.0,0.4031,18.787,-1.0048,1.0048,-18.787
20250620,excess_10d,-0.9859,2.0,偏冷,4.0,小升,1,18.787,-1.0048,7.5722,9.0,1.0,14.0,0.4031,18.787,-1.0048,1.0048,-18.787
20250620,daily_excess,-2.458,1.0,极冷,1.0,大降,1,18.787,-1.0048,7.5722,9.0,1.0,14.0,0.4031,18.787,-1.0048,1.0048,-18.787
20250623,excess_5d,-5.1923,1.0,极冷,2.0,小降,1,18.1088,-1.0705,7.7609,8.0,1.0,17.0,0.4286,18.1088,-1.0705,1.0705,-18.1088
20250623,excess_10d,-1.2768,2.0,偏冷,3.0,稳定,1,18.1088,-1.0705,7.7609,8.0,1.0,17.0,0.4286,18.1088,-1.0705,1.0705,-18.1088
20250623,daily_excess,-2.1767,1.0,极冷,3.0,稳定,1,18.1088,-1.0705,7.7609,8.0,1.0,17.0,0.4286,18.1088,-1.0705,1.0705,-18.1088
20250624,excess_5d,-4.6359,1.0,极冷,3.0,稳定,1,18.1088,-0.3925,8.314,7.0,1.0,16.0,0.4591,18.1088,-0.3925,0.3925,-18.1088
20250624,excess_10d,-4.8158,2.0,偏冷,1.0,大降,1,18.1088,-0.3925,8.314,7.0,1.0,16.0,0.4591,18.1088,-0.3925,0.3925,-18.1088
20250624,daily_excess,-0.6284,3.0,中性,4.0,小升,1,18.1088,-0.3925,8.314,7.0,1.0,16.0,0.4591,18.1088,-0.3925,0.3925,-18.1088
20250625,excess_5d,-3.8988,1.0,极冷,3.0,稳定,1,15.5726,-2.1299,6.4246,6.0,5.0,12.0,0.4126,15.5726,-2.1299,2.1299,-15.5726
20250625,excess_10d,-8.7367,1.0,极冷,1.0,大降,1,15.5726,-2.1299,6.4246,6.0,5.0,12.0,0.4126,15.5726,-2.1299,2.1299,-15.5726
20250625,daily_excess,0.2329,3.0,中性,3.0,稳定,1,15.5726,-2.1299,6.4246,6.0,5.0,12.0,0.4126,15.5726,-2.1299,2.1299,-15.5726
20250626,excess_5d,-6.2901,1.0,极冷,2.0,小降,1,16.9611,-0.9541,8.3922,5.0,4.0,18.0,0.4948,16.9611,-0.9541,0.9541,-16.9611
20250626,excess_10d,-6.6004,1.0,极冷,4.0,小升,1,16.9611,-0.9541,8.3922,5.0,4.0,18.0,0.4948,16.9611,-0.9541,0.9541,-16.9611
20250626,daily_excess,-1.2599,2.0,偏冷,2.0,小降,1,16.9611,-0.9541,8.3922,5.0,4.0,18.0,0.4948,16.9611,-0.9541,0.9541,-16.9611
20250627,excess_5d,-1.2513,2.0,偏冷,5.0,大升,1,12.5659,-4.6761,4.6846,4.0,3.0,17.0,0.3728,12.5659,-4.6761,4.6761,-12.5659
20250627,excess_10d,-3.3269,2.0,偏冷,4.0,小升,1,12.5659,-4.6761,4.6846,4.0,3.0,17.0,0.3728,12.5659,-4.6761,4.6761,-12.5659
20250627,daily_excess,2.5808,5.0,极热,5.0,大升,1,12.5659,-4.6761,4.6846,4.0,3.0,17.0,0.3728,12.5659,-4.6761,4.6761,-12.5659
20250630,excess_5d,-0.9158,2.0,偏冷,3.0,稳定,1,11.1484,-5.8764,4.1219,3.0,2.0,17.0,0.3697,11.1484,-5.8764,5.8764,-11.1484
20250630,excess_10d,-6.108,1.0,极冷,1.0,大降,1,11.1484,-5.8764,4.1219,3.0,2.0,17.0,0.3697,11.1484,-5.8764,5.8764,-11.1484
20250630,daily_excess,-1.8412,2.0,偏冷,1.0,大降,1,11.1484,-5.8764,4.1219,3.0,2.0,17.0,0.3697,11.1484,-5.8764,5.8764,-11.1484
20250701,excess_5d,-2.0626,2.0,偏冷,2.0,小降,1,14.4735,-3.0607,7.9198,2.0,1.0,3.0,0.5472,14.4735,-3.0607,3.0607,-14.4735
20250701,excess_10d,-6.6985,1.0,极冷,3.0,稳定,1,14.4735,-3.0607,7.9198,2.0,1.0,3.0,0.5472,14.4735,-3.0607,3.0607,-14.4735
20250701,daily_excess,-1.7752,2.0,偏冷,3.0,稳定,1,14.4735,-3.0607,7.9198,2.0,1.0,3.0,0.5472,14.4735,-3.0607,3.0607,-14.4735
20250702,excess_5d,-3.5932,2.0,偏冷,2.0,小降,1,17.2304,-0.3896,10.5189,1.0,1.0,2.0,0.6105,17.2304,-0.3896,0.3896,-17.2304
20250702,excess_10d,-7.4919,1.0,极冷,3.0,稳定,1,17.2304,-0.3896,10.5189,1.0,1.0,2.0,0.6105,17.2304,-0.3896,0.3896,-17.2304
20250702,daily_excess,-1.2976,2.0,偏冷,3.0,稳定,1,17.2304,-0.3896,10.5189,1.0,1.0,2.0,0.6105,17.2304,-0.3896,0.3896,-17.2304
20250703,excess_5d,13.4288,5.0,极热,5.0,大升,1,-1.1195,-11.1346,-6.18,3.0,20.0,14.0,,-1.1195,-11.1346,11.1346,1.1195
20250703,excess_10d,7.1387,5.0,极热,5.0,大升,1,-1.1195,-11.1346,-6.18,3.0,20.0,14.0,,-1.1195,-11.1346,11.1346,1.1195
20250703,daily_excess,15.7621,5.0,极热,5.0,大升,1,-1.1195,-11.1346,-6.18,3.0,20.0,14.0,,-1.1195,-11.1346,11.1346,1.1195
20250704,excess_5d,6.264,5.0,极热,1.0,大降,1,4.7436,-6.25,-1.3381,2.0,20.0,12.0,-0.2821,4.7436,-6.25,6.25,-4.7436
20250704,excess_10d,5.0127,4.0,偏热,2.0,小降,1,4.7436,-6.25,-1.3381,2.0,20.0,12.0,-0.2821,4.7436,-6.25,6.25,-4.7436
20250704,daily_excess,-4.584,1.0,极冷,1.0,大降,1,4.7436,-6.25,-1.3381,2.0,20.0,12.0,-0.2821,4.7436,-6.25,6.25,-4.7436
20250707,excess_5d,6.5406,5.0,极热,3.0,稳定,1,6.7974,-4.4118,1.348,1.0,19.0,2.0,0.1983,6.7974,-4.4118,4.4118,-6.7974
20250707,excess_10d,5.6248,4.0,偏热,3.0,稳定,1,6.7974,-4.4118,1.348,1.0,19.0,2.0,0.1983,6.7974,-4.4118,4.4118,-6.7974
20250707,daily_excess,-1.5646,2.0,偏冷,5.0,大升,1,6.7974,-4.4118,1.348,1.0,19.0,2.0,0.1983,6.7974,-4.4118,4.4118,-6.7974
20250708,excess_5d,12.6296,5.0,极热,5.0,大升,1,5.7364,-9.3023,-3.8372,20.0,18.0,1.0,-0.6689,5.7364,-9.3023,9.3023,-5.7364
20250708,excess_10d,10.567,5.0,极热,5.0,大升,1,5.7364,-9.3023,-3.8372,20.0,18.0,1.0,-0.6689,5.7364,-9.3023,9.3023,-5.7364
20250708,daily_excess,4.3138,5.0,极热,5.0,大升,1,5.7364,-9.3023,-3.8372,20.0,18.0,1.0,-0.6689,5.7364,-9.3023,9.3023,-5.7364
20250709,excess_5d,12.0841,5.0,极热,3.0,稳定,1,9.2599,-6.28,-0.6088,19.0,17.0,14.0,-0.0657,9.2599,-6.28,6.28,-9.2599
20250709,excess_10d,8.491,5.0,极热,2.0,小降,1,9.2599,-6.28,-0.6088,19.0,17.0,14.0,-0.0657,9.2599,-6.28,6.28,-9.2599
20250709,daily_excess,-1.8431,2.0,偏冷,1.0,大降,1,9.2599,-6.28,-0.6088,19.0,17.0,14.0,-0.0657,9.2599,-6.28,6.28,-9.2599
20250710,excess_5d,-6.9643,1.0,极冷,1.0,大降,1,17.3045,-2.6622,3.9767,20.0,16.0,13.0,0.2298,17.3045,-2.6622,2.6622,-17.3045
20250710,excess_10d,6.4646,5.0,极热,2.0,小降,1,17.3045,-2.6622,3.9767,20.0,16.0,13.0,0.2298,17.3045,-2.6622,2.6622,-17.3045
20250710,daily_excess,-3.2863,1.0,极冷,2.0,小降,1,17.3045,-2.6622,3.9767,20.0,16.0,13.0,0.2298,17.3045,-2.6622,2.6622,-17.3045
20250711,excess_5d,-1.6057,2.0,偏冷,5.0,大升,1,16.1067,-3.6561,2.9891,19.0,15.0,5.0,0.1856,16.1067,-3.6561,3.6561,-16.1067
20250711,excess_10d,4.6583,4.0,偏热,2.0,小降,1,16.1067,-3.6561,2.9891,19.0,15.0,5.0,0.1856,16.1067,-3.6561,3.6561,-16.1067
20250711,daily_excess,0.7745,4.0,偏热,5.0,大升,1,16.1067,-3.6561,2.9891,19.0,15.0,5.0,0.1856,16.1067,-3.6561,3.6561,-16.1067
20250714,excess_5d,-1.4997,2.0,偏冷,3.0,稳定,1,19.4816,-2.1739,4.8411,20.0,14.0,15.0,0.2485,19.4816,-2.1739,2.1739,-19.4816
20250714,excess_10d,5.0409,4.0,偏热,3.0,稳定,1,19.4816,-2.1739,4.8411,20.0,14.0,15.0,0.2485,19.4816,-2.1739,2.1739,-19.4816
20250714,daily_excess,-1.4586,2.0,偏冷,2.0,小降,1,19.4816,-2.1739,4.8411,20.0,14.0,15.0,0.2485,19.4816,-2.1739,2.1739,-19.4816
20250715,excess_5d,-6.2624,1.0,极冷,1.0,大降,1,21.1428,-0.8138,6.5955,19.0,13.0,8.0,0.312,21.1428,-0.8138,0.8138,-21.1428
20250715,excess_10d,6.3672,5.0,极热,4.0,小升,1,21.1428,-0.8138,6.5955,19.0,13.0,8.0,0.312,21.1428,-0.8138,0.8138,-21.1428
20250715,daily_excess,-0.4489,3.0,中性,3.0,稳定,1,21.1428,-0.8138,6.5955,19.0,13.0,8.0,0.312,21.1428,-0.8138,0.8138,-21.1428
20250716,excess_5d,-1.7961,2.0,偏冷,5.0,大升,1,24.0362,-3.6244,3.8056,20.0,12.0,6.0,0.1583,24.0362,-3.6244,3.6244,-24.0362
20250716,excess_10d,10.288,5.0,极热,5.0,大升,1,24.0362,-3.6244,3.8056,20.0,12.0,6.0,0.1583,24.0362,-3.6244,3.6244,-24.0362
20250716,daily_excess,2.6231,5.0,极热,5.0,大升,1,24.0362,-3.6244,3.8056,20.0,12.0,6.0,0.1583,24.0362,-3.6244,3.6244,-24.0362
20250717,excess_5d,4.7531,5.0,极热,5.0,大升,1,18.455,-7.961,-0.8653,19.0,11.0,5.0,-0.0469,18.455,-7.961,7.961,-18.455
20250717,excess_10d,-2.2112,2.0,偏冷,1.0,大降,1,18.455,-7.961,-0.8653,19.0,11.0,5.0,-0.0469,18.455,-7.961,7.961,-18.455
20250717,daily_excess,3.2629,5.0,极热,3.0,稳定,1,18.455,-7.961,-0.8653,19.0,11.0,5.0,-0.0469,18.455,-7.961,7.961,-18.455
20250718,excess_5d,2.168,4.0,偏热,2.0,小降,1,22.4212,-6.4449,1.3753,20.0,10.0,6.0,0.0613,22.4212,-6.4449,6.4449,-22.4212
20250718,excess_10d,0.5623,3.0,中性,4.0,小升,1,22.4212,-6.4449,1.3753,20.0,10.0,6.0,0.0613,22.4212,-6.4449,6.4449,-22.4212
20250718,daily_excess,-1.8106,2.0,偏冷,1.0,大降,1,22.4212,-6.4449,1.3753,20.0,10.0,6.0,0.0613,22.4212,-6.4449,6.4449,-22.4212
20250721,excess_5d,3.4815,4.0,偏热,4.0,小升,1,24.7202,-6.4599,4.2773,20.0,9.0,14.0,0.173,24.7202,-6.4599,6.4599,-24.7202
20250721,excess_10d,1.9818,3.0,中性,4.0,小升,1,24.7202,-6.4599,4.2773,20.0,9.0,14.0,0.173,24.7202,-6.4599,6.4599,-24.7202
20250721,daily_excess,-0.145,3.0,中性,4.0,小升,1,24.7202,-6.4599,4.2773,20.0,9.0,14.0,0.173,24.7202,-6.4599,6.4599,-24.7202
20250722,excess_5d,2.4079,4.0,偏热,2.0,小降,1,28.3902,-4.878,8.7805,20.0,8.0,12.0,0.3093,28.3902,-4.878,4.878,-28.3902
20250722,excess_10d,-3.8544,2.0,偏冷,1.0,大降,1,28.3902,-4.878,8.7805,20.0,8.0,12.0,0.3093,28.3902,-4.878,4.878,-28.3902
20250722,daily_excess,-1.5225,2.0,偏冷,2.0,小降,1,28.3902,-4.878,8.7805,20.0,8.0,12.0,0.3093,28.3902,-4.878,4.878,-28.3902
20250723,excess_5d,0.8007,3.0,中性,2.0,小降,1,38.7149,-5.0787,8.8512,20.0,7.0,10.0,0.2286,38.7149,-5.0787,5.0787,-38.7149
20250723,excess_10d,-0.9954,2.0,偏冷,4.0,小升,1,38.7149,-5.0787,8.8512,20.0,7.0,10.0,0.2286,38.7149,-5.0787,5.0787,-38.7149
20250723,daily_excess,1.0159,4.0,偏热,4.0,小升,1,38.7149,-5.0787,8.8512,20.0,7.0,10.0,0.2286,38.7149,-5.0787,5.0787,-38.7149
20250724,excess_5d,-1.195,2.0,偏冷,2.0,小降,1,35.419,-7.3341,6.9381,19.0,6.0,9.0,0.1959,35.419,-7.3341,7.3341,-35.419
20250724,excess_10d,3.558,4.0,偏热,5.0,大升,1,35.419,-7.3341,6.9381,19.0,6.0,9.0,0.1959,35.419,-7.3341,7.3341,-35.419
20250724,daily_excess,1.2672,4.0,偏热,3.0,稳定,1,35.419,-7.3341,6.9381,19.0,6.0,9.0,0.1959,35.419,-7.3341,7.3341,-35.419
20250725,excess_5d,0.8666,3.0,中性,4.0,小升,1,35.9358,-6.9804,9.6279,18.0,5.0,7.0,0.2679,35.9358,-6.9804,6.9804,-35.9358
20250725,excess_10d,3.0346,4.0,偏热,3.0,稳定,1,35.9358,-6.9804,9.6279,18.0,5.0,7.0,0.2679,35.9358,-6.9804,6.9804,-35.9358
20250725,daily_excess,0.2511,3.0,中性,2.0,小降,1,35.9358,-6.9804,9.6279,18.0,5.0,7.0,0.2679,35.9358,-6.9804,6.9804,-35.9358
20250728,excess_5d,-0.6139,3.0,中性,2.0,小降,1,34.3126,-8.0911,10.3064,17.0,4.0,11.0,0.3004,34.3126,-8.0911,8.0911,-34.3126
20250728,excess_10d,2.8676,4.0,偏热,3.0,稳定,1,34.3126,-8.0911,10.3064,17.0,4.0,11.0,0.3004,34.3126,-8.0911,8.0911,-34.3126
20250728,daily_excess,-1.6256,2.0,偏冷,2.0,小降,1,34.3126,-8.0911,10.3064,17.0,4.0,11.0,0.3004,34.3126,-8.0911,8.0911,-34.3126
20250729,excess_5d,-1.5877,2.0,偏冷,3.0,稳定,1,36.8935,-6.3251,12.9544,16.0,3.0,10.0,0.3511,36.8935,-6.3251,6.3251,-36.8935
20250729,excess_10d,0.8202,3.0,中性,2.0,小降,1,36.8935,-6.3251,12.9544,16.0,3.0,10.0,0.3511,36.8935,-6.3251,6.3251,-36.8935
20250729,daily_excess,-2.4963,1.0,极冷,2.0,小降,1,36.8935,-6.3251,12.9544,16.0,3.0,10.0,0.3511,36.8935,-6.3251,6.3251,-36.8935
20250730,excess_5d,-4.9065,1.0,极冷,1.0,大降,1,41.5866,-3.1136,19.0378,15.0,2.0,11.0,0.4578,41.5866,-3.1136,3.1136,-41.5866
20250730,excess_10d,-4.1058,2.0,偏冷,1.0,大降,1,41.5866,-3.1136,19.0378,15.0,2.0,11.0,0.4578,41.5866,-3.1136,3.1136,-41.5866
20250730,daily_excess,-2.3028,1.0,极冷,3.0,稳定,1,41.5866,-3.1136,19.0378,15.0,2.0,11.0,0.4578,41.5866,-3.1136,3.1136,-41.5866
20250731,excess_5d,-7.5721,1.0,极冷,2.0,小降,1,44.6531,-1.0152,24.9323,14.0,1.0,11.0,0.5584,44.6531,-1.0152,1.0152,-44.6531
20250731,excess_10d,-8.7672,1.0,极冷,1.0,大降,1,44.6531,-1.0152,24.9323,14.0,1.0,11.0,0.5584,44.6531,-1.0152,1.0152,-44.6531
20250731,daily_excess,-1.3985,2.0,偏冷,3.0,稳定,1,44.6531,-1.0152,24.9323,14.0,1.0,11.0,0.5584,44.6531,-1.0152,1.0152,-44.6531
20250801,excess_5d,-3.9801,1.0,极冷,4.0,小升,1,40.9331,-0.8408,24.695,13.0,1.0,11.0,0.6033,40.9331,-0.8408,0.8408,-40.9331
20250801,excess_10d,-3.1135,2.0,偏冷,5.0,大升,1,40.9331,-0.8408,24.695,13.0,1.0,11.0,0.6033,40.9331,-0.8408,0.8408,-40.9331
20250801,daily_excess,3.8431,5.0,极热,5.0,大升,1,40.9331,-0.8408,24.695,13.0,1.0,11.0,0.6033,40.9331,-0.8408,0.8408,-40.9331
20250804,excess_5d,-2.2194,2.0,偏冷,4.0,小升,1,36.0223,1.0342,22.2593,12.0,1.0,11.0,0.6179,36.0223,1.0342,-1.0342,-36.0223
20250804,excess_10d,-2.8333,2.0,偏冷,3.0,稳定,1,36.0223,1.0342,22.2593,12.0,1.0,11.0,0.6179,36.0223,1.0342,-1.0342,-36.0223
20250804,daily_excess,0.1352,3.0,中性,1.0,大降,1,36.0223,1.0342,22.2593,12.0,1.0,11.0,0.6179,36.0223,1.0342,-1.0342,-36.0223
20250805,excess_5d,7.9418,5.0,极热,5.0,大升,1,25.9614,-3.8161,13.2164,11.0,3.0,10.0,0.5091,25.9614,-3.8161,3.8161,-25.9614
20250805,excess_10d,6.3541,4.0,偏热,5.0,大升,1,25.9614,-3.8161,13.2164,11.0,3.0,10.0,0.5091,25.9614,-3.8161,3.8161,-25.9614
20250805,daily_excess,7.6649,5.0,极热,5.0,大升,1,25.9614,-3.8161,13.2164,11.0,3.0,10.0,0.5091,25.9614,-3.8161,3.8161,-25.9614
20250806,excess_5d,7.8225,5.0,极热,3.0,稳定,1,27.312,-2.7848,14.4304,10.0,2.0,9.0,0.5284,27.312,-2.7848,2.7848,-27.312
20250806,excess_10d,2.916,4.0,偏热,1.0,大降,1,27.312,-2.7848,14.4304,10.0,2.0,9.0,0.5284,27.312,-2.7848,2.7848,-27.312
20250806,daily_excess,-2.4221,1.0,极冷,1.0,大降,1,27.312,-2.7848,14.4304,10.0,2.0,9.0,0.5284,27.312,-2.7848,2.7848,-27.312
20250807,excess_5d,8.6859,5.0,极热,4.0,小升,1,27.5589,-2.5962,14.6523,9.0,1.0,8.0,0.5317,27.5589,-2.5962,2.5962,-27.5589
20250807,excess_10d,1.1138,3.0,中性,2.0,小降,1,27.5589,-2.5962,14.6523,9.0,1.0,8.0,0.5317,27.5589,-2.5962,2.5962,-27.5589
20250807,daily_excess,-0.5351,3.0,中性,4.0,小升,1,27.5589,-2.5962,14.6523,9.0,1.0,8.0,0.5317,27.5589,-2.5962,2.5962,-27.5589
20250808,excess_5d,3.642,4.0,偏热,1.0,大降,1,28.0174,1.9766,15.0644,8.0,1.0,7.0,0.5377,28.0174,1.9766,-1.9766,-28.0174
20250808,excess_10d,-0.3382,3.0,中性,2.0,小降,1,28.0174,1.9766,15.0644,8.0,1.0,7.0,0.5377,28.0174,1.9766,-1.9766,-28.0174
20250808,daily_excess,-1.2009,2.0,偏冷,3.0,稳定,1,28.0174,1.9766,15.0644,8.0,1.0,7.0,0.5377,28.0174,1.9766,-1.9766,-28.0174
20250811,excess_5d,7.2715,5.0,极热,4.0,小升,1,20.9536,-3.3673,8.7153,7.0,3.0,6.0,0.4159,20.9536,-3.3673,3.3673,-20.9536
20250811,excess_10d,5.0521,4.0,偏热,5.0,大升,1,20.9536,-3.3673,8.7153,7.0,3.0,6.0,0.4159,20.9536,-3.3673,3.3673,-20.9536
20250811,daily_excess,3.7647,5.0,极热,5.0,大升,1,20.9536,-3.3673,8.7153,7.0,3.0,6.0,0.4159,20.9536,-3.3673,3.3673,-20.9536
20250812,excess_5d,1.0618,3.0,中性,1.0,大降,1,21.4347,-2.983,9.1477,6.0,2.0,5.0,0.4268,21.4347,-2.983,2.983,-21.4347
20250812,excess_10d,9.0036,5.0,极热,5.0,大升,1,21.4347,-2.983,9.1477,6.0,2.0,5.0,0.4268,21.4347,-2.983,2.983,-21.4347
20250812,daily_excess,1.4552,4.0,偏热,2.0,小降,1,21.4347,-2.983,9.1477,6.0,2.0,5.0,0.4268,21.4347,-2.983,2.983,-21.4347
20250813,excess_5d,1.9962,4.0,偏热,4.0,小升,1,22.0937,-2.4564,9.7401,5.0,1.0,4.0,0.4409,22.0937,-2.4564,2.4564,-22.0937
20250813,excess_10d,9.8187,5.0,极热,3.0,稳定,1,22.0937,-2.4564,9.7401,5.0,1.0,4.0,0.4409,22.0937,-2.4564,2.4564,-22.0937
20250813,daily_excess,-1.4877,2.0,偏冷,2.0,小降,1,22.0937,-2.4564,9.7401,5.0,1.0,4.0,0.4409,22.0937,-2.4564,2.4564,-22.0937
20250814,excess_5d,9.7166,5.0,极热,5.0,大升,1,16.9974,-4.8857,5.1594,4.0,15.0,3.0,0.3035,16.9974,-4.8857,4.8857,-16.9974
20250814,excess_10d,18.4026,5.0,极热,5.0,大升,1,16.9974,-4.8857,5.1594,4.0,15.0,3.0,0.3035,16.9974,-4.8857,4.8857,-16.9974
20250814,daily_excess,7.1853,5.0,极热,5.0,大升,1,16.9974,-4.8857,5.1594,4.0,15.0,3.0,0.3035,16.9974,-4.8857,4.8857,-16.9974
20250815,excess_5d,11.2037,5.0,极热,4.0,小升,1,14.5979,-6.8365,3.0027,3.0,14.0,2.0,0.2057,14.5979,-6.8365,6.8365,-14.5979
20250815,excess_10d,14.8457,5.0,极热,1.0,大降,1,14.5979,-6.8365,3.0027,3.0,14.0,2.0,0.2057,14.5979,-6.8365,6.8365,-14.5979
20250815,daily_excess,0.2862,3.0,中性,1.0,大降,1,14.5979,-6.8365,3.0027,3.0,14.0,2.0,0.2057,14.5979,-6.8365,6.8365,-14.5979
20250818,excess_5d,9.7218,5.0,极热,2.0,小降,1,11.4893,-9.3636,-0.5608,2.0,13.0,11.0,-0.0488,11.4893,-9.3636,9.3636,-11.4893
20250818,excess_10d,16.9933,5.0,极热,4.0,小升,1,11.4893,-9.3636,-0.5608,2.0,13.0,11.0,-0.0488,11.4893,-9.3636,9.3636,-11.4893
20250818,daily_excess,2.2828,5.0,极热,4.0,小升,1,11.4893,-9.3636,-0.5608,2.0,13.0,11.0,-0.0488,11.4893,-9.3636,9.3636,-11.4893
20250819,excess_5d,9.8474,5.0,极热,3.0,稳定,1,11.026,-9.7403,-0.9091,1.0,12.0,20.0,-0.0825,11.026,-9.7403,9.7403,-11.026
20250819,excess_10d,10.9092,5.0,极热,1.0,大降,1,11.026,-9.7403,-0.9091,1.0,12.0,20.0,-0.0825,11.026,-9.7403,9.7403,-11.026
20250819,daily_excess,1.5808,4.0,偏热,3.0,稳定,1,11.026,-9.7403,-0.9091,1.0,12.0,20.0,-0.0825,11.026,-9.7403,9.7403,-11.026
20250820,excess_5d,16.1745,5.0,极热,5.0,大升,1,3.8133,-13.9532,-5.5342,5.0,11.0,19.0,-1.4513,3.8133,-13.9532,13.9532,-3.8133
20250820,excess_10d,18.1707,5.0,极热,5.0,大升,1,3.8133,-13.9532,-5.5342,5.0,11.0,19.0,-1.4513,3.8133,-13.9532,13.9532,-3.8133
20250820,daily_excess,4.8394,5.0,极热,5.0,大升,1,3.8133,-13.9532,-5.5342,5.0,11.0,19.0,-1.4513,3.8133,-13.9532,13.9532,-3.8133
20250821,excess_5d,6.7395,5.0,极热,1.0,大降,1,7.8772,-11.1253,-2.4297,20.0,10.0,18.0,-0.3084,7.8772,-11.1253,11.1253,-7.8772
20250821,excess_10d,16.4561,5.0,极热,2.0,小降,1,7.8772,-11.1253,-2.4297,20.0,10.0,18.0,-0.3084,7.8772,-11.1253,11.1253,-7.8772
20250821,daily_excess,-2.2497,1.0,极冷,1.0,大降,1,7.8772,-11.1253,-2.4297,20.0,10.0,18.0,-0.3084,7.8772,-11.1253,11.1253,-7.8772
20250822,excess_5d,3.6212,4.0,偏热,2.0,小降,1,9.1474,-10.0789,-1.2809,19.0,9.0,17.0,-0.14,9.1474,-10.0789,10.0789,-9.1474
20250822,excess_10d,14.8249,5.0,极热,2.0,小降,1,9.1474,-10.0789,-1.2809,19.0,9.0,17.0,-0.14,9.1474,-10.0789,10.0789,-9.1474
20250822,daily_excess,-2.8321,1.0,极冷,3.0,稳定,1,9.1474,-10.0789,-1.2809,19.0,9.0,17.0,-0.14,9.1474,-10.0789,10.0789,-9.1474
20250825,excess_5d,-0.3169,3.0,中性,1.0,大降,1,5.9799,-12.6884,-4.1457,18.0,8.0,16.0,-0.6933,5.9799,-12.6884,12.6884,-5.9799
20250825,excess_10d,9.4049,5.0,极热,1.0,大降,1,5.9799,-12.6884,-4.1457,18.0,8.0,16.0,-0.6933,5.9799,-12.6884,12.6884,-5.9799
20250825,daily_excess,-1.6553,2.0,偏冷,4.0,小升,1,5.9799,-12.6884,-4.1457,18.0,8.0,16.0,-0.6933,5.9799,-12.6884,12.6884,-5.9799
20250826,excess_5d,-0.6845,3.0,中性,3.0,稳定,1,6.6498,-12.1365,-4.842,17.0,7.0,5.0,-0.7281,6.6498,-12.1365,12.1365,-6.6498
20250826,excess_10d,9.1629,5.0,极热,3.0,稳定,1,6.6498,-12.1365,-4.842,17.0,7.0,5.0,-0.7281,6.6498,-12.1365,12.1365,-6.6498
20250826,daily_excess,1.2132,4.0,偏热,4.0,小升,1,6.6498,-12.1365,-4.842,17.0,7.0,5.0,-0.7281,6.6498,-12.1365,12.1365,-6.6498
20250827,excess_5d,-2.4764,2.0,偏冷,2.0,小降,1,5.8868,-12.7652,-5.8617,16.0,6.0,11.0,-0.9957,5.8868,-12.7652,12.7652,-5.8868
20250827,excess_10d,13.698,5.0,极热,5.0,大升,1,5.8868,-12.7652,-5.8617,16.0,6.0,11.0,-0.9957,5.8868,-12.7652,12.7652,-5.8868
20250827,daily_excess,3.0474,5.0,极热,4.0,小升,1,5.8868,-12.7652,-5.8617,16.0,6.0,11.0,-0.9957,5.8868,-12.7652,12.7652,-5.8868
20250828,excess_5d,0.0527,3.0,中性,4.0,小升,1,2.9911,-15.1508,-8.4361,15.0,5.0,10.0,-2.0,2.9911,-15.1508,15.1508,-2.9911
20250828,excess_10d,6.7922,5.0,极热,1.0,大降,1,2.9911,-15.1508,-8.4361,15.0,5.0,10.0,-2.0,2.9911,-15.1508,15.1508,-2.9911
20250828,daily_excess,0.2794,3.0,中性,2.0,小降,1,2.9911,-15.1508,-8.4361,15.0,5.0,10.0,-2.0,2.9911,-15.1508,15.1508,-2.9911
20250829,excess_5d,-0.3629,3.0,中性,3.0,稳定,1,6.1132,-12.5786,-5.7107,14.0,4.0,20.0,-0.9342,6.1132,-12.5786,12.5786,-6.1132
20250829,excess_10d,3.2582,4.0,偏热,1.0,大降,1,6.1132,-12.5786,-5.7107,14.0,4.0,20.0,-0.9342,6.1132,-12.5786,12.5786,-6.1132
20250829,daily_excess,-3.2477,1.0,极冷,1.0,大降,1,6.1132,-12.5786,-5.7107,14.0,4.0,20.0,-0.9342,6.1132,-12.5786,12.5786,-6.1132
20250901,excess_5d,6.2696,5.0,极热,5.0,大升,1,2.6527,-15.4295,-8.7856,13.0,3.0,19.0,-2.0,2.6527,-15.4295,15.4295,-2.6527
20250901,excess_10d,5.9527,4.0,偏热,4.0,小升,1,2.6527,-15.4295,-8.7856,13.0,3.0,19.0,-2.0,2.6527,-15.4295,15.4295,-2.6527
20250901,daily_excess,4.9772,5.0,极热,5.0,大升,1,2.6527,-15.4295,-8.7856,13.0,3.0,19.0,-2.0,2.6527,-15.4295,15.4295,-2.6527
20250902,excess_5d,-0.2917,3.0,中性,1.0,大降,1,11.7351,-7.947,-0.7152,12.0,2.0,18.0,-0.0609,11.7351,-7.947,7.947,-11.7351
20250902,excess_10d,-0.9762,2.0,偏冷,1.0,大降,1,11.7351,-7.947,-0.7152,12.0,2.0,18.0,-0.0609,11.7351,-7.947,7.947,-11.7351
20250902,daily_excess,-5.3481,1.0,极冷,1.0,大降,1,11.7351,-7.947,-0.7152,12.0,2.0,18.0,-0.0609,11.7351,-7.947,7.947,-11.7351
20250903,excess_5d,-2.1211,2.0,偏冷,2.0,小降,1,16.0545,-4.3885,3.1779,11.0,1.0,17.0,0.1979,16.0545,-4.3885,4.3885,-16.0545
20250903,excess_10d,-4.5975,2.0,偏冷,1.0,大降,1,16.0545,-4.3885,3.1779,11.0,1.0,17.0,0.1979,16.0545,-4.3885,4.3885,-16.0545
20250903,daily_excess,1.2181,4.0,偏热,5.0,大升,1,16.0545,-4.3885,3.1779,11.0,1.0,17.0,0.1979,16.0545,-4.3885,4.3885,-16.0545
20250904,excess_5d,-1.2047,2.0,偏冷,4.0,小升,1,18.8169,-0.3944,5.6338,10.0,1.0,16.0,0.2994,18.8169,-0.3944,0.3944,-18.8169
20250904,excess_10d,-1.152,2.0,偏冷,5.0,大升,1,18.8169,-0.3944,5.6338,10.0,1.0,16.0,0.2994,18.8169,-0.3944,0.3944,-18.8169
20250904,daily_excess,1.1958,4.0,偏热,3.0,稳定,1,18.8169,-0.3944,5.6338,10.0,1.0,16.0,0.2994,18.8169,-0.3944,0.3944,-18.8169
20250905,excess_5d,3.4141,4.0,偏热,5.0,大升,1,15.5616,-4.9315,2.7397,9.0,20.0,15.0,0.1761,15.5616,-4.9315,4.9315,-15.5616
20250905,excess_10d,3.0512,4.0,偏热,5.0,大升,1,15.5616,-4.9315,2.7397,9.0,20.0,15.0,0.1761,15.5616,-4.9315,4.9315,-15.5616
20250905,daily_excess,1.3711,4.0,偏热,3.0,稳定,1,15.5616,-4.9315,2.7397,9.0,20.0,15.0,0.1761,15.5616,-4.9315,4.9315,-15.5616
20250908,excess_5d,-3.1729,2.0,偏冷,1.0,大降,1,12.42,-8.4755,-0.1066,8.0,20.0,14.0,-0.0086,12.42,-8.4755,8.4755,-12.42
20250908,excess_10d,3.0966,4.0,偏热,3.0,稳定,1,12.42,-8.4755,-0.1066,8.0,20.0,14.0,-0.0086,12.42,-8.4755,8.4755,-12.42
20250908,daily_excess,-1.6098,2.0,偏冷,1.0,大降,1,12.42,-8.4755,-0.1066,8.0,20.0,14.0,-0.0086,12.42,-8.4755,8.4755,-12.42
20250909,excess_5d,2.3564,4.0,偏热,5.0,大升,1,15.6408,-5.9493,2.7553,7.0,20.0,13.0,0.1762,15.6408,-5.9493,5.9493,-15.6408
20250909,excess_10d,2.0647,3.0,中性,3.0,稳定,1,15.6408,-5.9493,2.7553,7.0,20.0,13.0,0.1762,15.6408,-5.9493,5.9493,-15.6408
20250909,daily_excess,0.1812,3.0,中性,4.0,小升,1,15.6408,-5.9493,2.7553,7.0,20.0,13.0,0.1762,15.6408,-5.9493,5.9493,-15.6408
20250910,excess_5d,0.4356,3.0,中性,2.0,小降,1,16.0385,-5.6259,3.1087,6.0,19.0,12.0,0.1938,16.0385,-5.6259,5.6259,-16.0385
20250910,excess_10d,-1.6855,2.0,偏冷,1.0,大降,1,16.0385,-5.6259,3.1087,6.0,19.0,12.0,0.1938,16.0385,-5.6259,5.6259,-16.0385
20250910,daily_excess,-0.7027,3.0,中性,2.0,小降,1,16.0385,-5.6259,3.1087,6.0,19.0,12.0,0.1938,16.0385,-5.6259,5.6259,-16.0385
20250911,excess_5d,0.2334,3.0,中性,3.0,稳定,1,12.54,-11.4194,-0.0667,5.0,20.0,11.0,-0.0053,12.54,-11.4194,11.4194,-12.54
20250911,excess_10d,-0.9713,2.0,偏冷,3.0,稳定,1,12.54,-11.4194,-0.0667,5.0,20.0,11.0,-0.0053,12.54,-11.4194,11.4194,-12.54
20250911,daily_excess,0.9936,4.0,偏热,4.0,小升,1,12.54,-11.4194,-0.0667,5.0,20.0,11.0,-0.0053,12.54,-11.4194,11.4194,-12.54
20250912,excess_5d,-1.1138,2.0,偏冷,2.0,小降,1,12.9015,-11.1349,0.2543,4.0,19.0,10.0,0.0197,12.9015,-11.1349,11.1349,-12.9015
20250912,excess_10d,2.3003,3.0,中性,4.0,小升,1,12.9015,-11.1349,0.2543,4.0,19.0,10.0,0.0197,12.9015,-11.1349,11.1349,-12.9015
20250912,daily_excess,0.0239,3.0,中性,2.0,小降,1,12.9015,-11.1349,0.2543,4.0,19.0,10.0,0.0197,12.9015,-11.1349,11.1349,-12.9015
20250915,excess_5d,0.9414,3.0,中性,4.0,小升,1,14.3244,-10.0149,1.5178,3.0,18.0,9.0,0.106,14.3244,-10.0149,10.0149,-14.3244
20250915,excess_10d,-2.2316,2.0,偏冷,1.0,大降,1,14.3244,-10.0149,1.5178,3.0,18.0,9.0,0.106,14.3244,-10.0149,10.0149,-14.3244
20250915,daily_excess,0.4454,3.0,中性,3.0,稳定,1,14.3244,-10.0149,1.5178,3.0,18.0,9.0,0.106,14.3244,-10.0149,10.0149,-14.3244
20250916,excess_5d,4.9112,5.0,极热,5.0,大升,1,9.4163,-13.8781,-2.9767,2.0,17.0,5.0,-0.3161,9.4163,-13.8781,13.8781,-9.4163
20250916,excess_10d,7.2676,5.0,极热,5.0,大升,1,9.4163,-13.8781,-2.9767,2.0,17.0,5.0,-0.3161,9.4163,-13.8781,13.8781,-9.4163
20250916,daily_excess,4.151,5.0,极热,5.0,大升,1,9.4163,-13.8781,-2.9767,2.0,17.0,5.0,-0.3161,9.4163,-13.8781,13.8781,-9.4163
20250917,excess_5d,6.4886,5.0,极热,4.0,小升,1,7.891,-15.0787,-5.9982,1.0,16.0,11.0,-0.7601,7.891,-15.0787,15.0787,-7.891
20250917,excess_10d,6.9242,5.0,极热,3.0,稳定,1,7.891,-15.0787,-5.9982,1.0,16.0,11.0,-0.7601,7.891,-15.0787,15.0787,-7.891
20250917,daily_excess,0.8747,4.0,偏热,1.0,大降,1,7.891,-15.0787,-5.9982,1.0,16.0,11.0,-0.7601,7.891,-15.0787,15.0787,-7.891
20250918,excess_5d,9.3748,5.0,极热,4.0,小升,1,3.8184,-17.4129,-10.1617,1.0,15.0,13.0,-2.0,3.8184,-17.4129,17.4129,-3.8184
20250918,excess_10d,9.6082,5.0,极热,4.0,小升,1,3.8184,-17.4129,-10.1617,1.0,15.0,13.0,-2.0,3.8184,-17.4129,17.4129,-3.8184
20250918,daily_excess,3.8798,5.0,极热,4.0,小升,1,3.8184,-17.4129,-10.1617,1.0,15.0,13.0,-2.0,3.8184,-17.4129,17.4129,-3.8184
20250919,excess_5d,6.2312,5.0,极热,1.0,大降,1,3.3269,-14.3778,-7.0858,1.0,14.0,12.0,-2.0,3.3269,-14.3778,14.3778,-3.3269
20250919,excess_10d,5.1175,4.0,偏热,1.0,大降,1,3.3269,-14.3778,-7.0858,1.0,14.0,12.0,-2.0,3.3269,-14.3778,14.3778,-3.3269
20250919,daily_excess,-3.1197,1.0,极冷,1.0,大降,1,3.3269,-14.3778,-7.0858,1.0,14.0,12.0,-2.0,3.3269,-14.3778,14.3778,-3.3269
20250922,excess_5d,4.8628,5.0,极热,2.0,小降,1,2.3316,-13.9896,-6.6645,3.0,13.0,11.0,-2.0,2.3316,-13.9896,13.9896,-2.3316
20250922,excess_10d,5.8041,4.0,偏热,3.0,稳定,1,2.3316,-13.9896,-6.6645,3.0,13.0,11.0,-2.0,2.3316,-13.9896,13.9896,-2.3316
20250922,daily_excess,-0.9231,2.0,偏冷,4.0,小升,1,2.3316,-13.9896,-6.6645,3.0,13.0,11.0,-2.0,2.3316,-13.9896,13.9896,-2.3316
20250923,excess_5d,-1.5853,2.0,偏冷,1.0,大降,1,5.5303,-11.3011,-3.747,2.0,12.0,10.0,-0.6775,5.5303,-11.3011,11.3011,-5.5303
20250923,excess_10d,3.3259,4.0,偏热,2.0,小降,1,5.5303,-11.3011,-3.747,2.0,12.0,10.0,-0.6775,5.5303,-11.3011,11.3011,-5.5303
20250923,daily_excess,-2.2971,1.0,极冷,2.0,小降,1,5.5303,-11.3011,-3.747,2.0,12.0,10.0,-0.6775,5.5303,-11.3011,11.3011,-5.5303
20250924,excess_5d,-3.003,2.0,偏冷,2.0,小降,1,6.9967,-11.1706,-3.6054,20.0,11.0,9.0,-0.5153,6.9967,-11.1706,11.1706,-6.9967
20250924,excess_10d,3.4856,4.0,偏热,3.0,稳定,1,6.9967,-11.1706,-3.6054,20.0,11.0,9.0,-0.5153,6.9967,-11.1706,11.1706,-6.9967
20250924,daily_excess,-0.5429,3.0,中性,4.0,小升,1,6.9967,-11.1706,-3.6054,20.0,11.0,9.0,-0.5153,6.9967,-11.1706,11.1706,-6.9967
20250925,excess_5d,-3.1438,2.0,偏冷,3.0,稳定,1,3.3333,-14.2119,-6.9057,19.0,10.0,8.0,-2.0,3.3333,-14.2119,14.2119,-3.3333
20250925,excess_10d,6.231,4.0,偏热,4.0,小升,1,3.3333,-14.2119,-6.9057,19.0,10.0,8.0,-2.0,3.3333,-14.2119,14.2119,-3.3333
20250925,daily_excess,3.739,5.0,极热,5.0,大升,1,3.3333,-14.2119,-6.9057,19.0,10.0,8.0,-2.0,3.3333,-14.2119,14.2119,-3.3333
20250926,excess_5d,-2.6767,2.0,偏冷,3.0,稳定,1,6.6969,-11.4194,-3.8754,18.0,9.0,7.0,-0.5787,6.6969,-11.4194,11.4194,-6.6969
20250926,excess_10d,3.5546,4.0,偏热,2.0,小降,1,6.6969,-11.4194,-3.8754,18.0,9.0,7.0,-0.5787,6.6969,-11.4194,11.4194,-6.6969
20250926,daily_excess,-2.6525,1.0,极冷,1.0,大降,1,6.6969,-11.4194,-3.8754,18.0,9.0,7.0,-0.5787,6.6969,-11.4194,11.4194,-6.6969
20250929,excess_5d,-0.8232,3.0,中性,4.0,小升,1,5.4172,-12.4819,-5.0283,17.0,8.0,6.0,-0.9282,5.4172,-12.4819,12.4819,-5.4172
20250929,excess_10d,4.0396,4.0,偏热,3.0,稳定,1,5.4172,-12.4819,-5.0283,17.0,8.0,6.0,-0.9282,5.4172,-12.4819,12.4819,-5.4172
20250929,daily_excess,0.9304,4.0,偏热,5.0,大升,1,5.4172,-12.4819,-5.0283,17.0,8.0,6.0,-0.9282,5.4172,-12.4819,12.4819,-5.4172
20250930,excess_5d,-0.108,3.0,中性,3.0,稳定,1,4.7819,-13.0093,-5.6072,16.0,7.0,20.0,-1.1726,4.7819,-13.0093,13.0093,-4.7819
20250930,excess_10d,-1.6934,2.0,偏冷,1.0,大降,1,4.7819,-13.0093,-5.6072,16.0,7.0,20.0,-1.1726,4.7819,-13.0093,13.0093,-4.7819
20250930,daily_excess,-1.5819,2.0,偏冷,2.0,小降,1,4.7819,-13.0093,-5.6072,16.0,7.0,20.0,-1.1726,4.7819,-13.0093,13.0093,-4.7819
20251009,excess_5d,-0.5966,3.0,中性,3.0,稳定,1,4.8093,-12.9865,-5.5825,15.0,6.0,19.0,-1.1608,4.8093,-12.9865,12.9865,-4.8093
20251009,excess_10d,-3.5996,2.0,偏冷,2.0,小降,1,4.8093,-12.9865,-5.5825,15.0,6.0,19.0,-1.1608,4.8093,-12.9865,12.9865,-4.8093
20251009,daily_excess,-1.0315,2.0,偏冷,3.0,稳定,1,4.8093,-12.9865,-5.5825,15.0,6.0,19.0,-1.1608,4.8093,-12.9865,12.9865,-4.8093
20251010,excess_5d,-8.3502,1.0,极冷,1.0,大降,1,10.699,-8.0969,-0.2768,14.0,5.0,18.0,-0.0259,10.699,-8.0969,8.0969,-10.699
20251010,excess_10d,-11.494,1.0,极冷,1.0,大降,1,10.699,-8.0969,-0.2768,14.0,5.0,18.0,-0.0259,10.699,-8.0969,8.0969,-10.699
20251010,daily_excess,-4.0145,1.0,极冷,1.0,大降,1,10.699,-8.0969,-0.2768,14.0,5.0,18.0,-0.0259,10.699,-8.0969,8.0969,-10.699
20251013,excess_5d,-7.8758,1.0,极冷,3.0,稳定,1,12.2841,-6.7809,1.3688,13.0,4.0,17.0,0.1114,12.2841,-6.7809,6.7809,-12.2841
20251013,excess_10d,-10.5524,1.0,极冷,4.0,小升,1,12.2841,-6.7809,1.3688,13.0,4.0,17.0,0.1114,12.2841,-6.7809,6.7809,-12.2841
20251013,daily_excess,-2.1781,1.0,极冷,4.0,小升,1,12.2841,-6.7809,1.3688,13.0,4.0,17.0,0.1114,12.2841,-6.7809,6.7809,-12.2841
20251014,excess_5d,-9.986,1.0,极冷,2.0,小降,1,15.2948,-4.2814,4.1228,12.0,3.0,1.0,0.2696,15.2948,-4.2814,4.2814,-15.2948
20251014,excess_10d,-10.8091,1.0,极冷,3.0,稳定,1,15.2948,-4.2814,4.1228,12.0,3.0,1.0,0.2696,15.2948,-4.2814,4.2814,-15.2948
20251014,daily_excess,-1.1798,2.0,偏冷,3.0,稳定,1,15.2948,-4.2814,4.1228,12.0,3.0,1.0,0.2696,15.2948,-4.2814,4.2814,-15.2948
20251015,excess_5d,-5.2305,1.0,极冷,5.0,大升,1,10.7603,-8.046,0.2839,11.0,2.0,16.0,0.0264,10.7603,-8.046,8.046,-10.7603
20251015,excess_10d,-5.3385,1.0,极冷,5.0,大升,1,10.7603,-8.046,0.2839,11.0,2.0,16.0,0.0264,10.7603,-8.046,8.046,-10.7603
20251015,daily_excess,3.1736,5.0,极热,5.0,大升,1,10.7603,-8.046,0.2839,11.0,2.0,16.0,0.0264,10.7603,-8.046,8.046,-10.7603
20251016,excess_5d,-4.3942,1.0,极冷,3.0,稳定,1,14.0942,-5.2782,4.194,10.0,1.0,8.0,0.2976,14.0942,-5.2782,5.2782,-14.0942
20251016,excess_10d,-4.9908,2.0,偏冷,3.0,稳定,1,14.0942,-5.2782,4.194,10.0,1.0,8.0,0.2976,14.0942,-5.2782,5.2782,-14.0942
20251016,daily_excess,-0.1953,3.0,中性,1.0,大降,1,14.0942,-5.2782,4.194,10.0,1.0,8.0,0.2976,14.0942,-5.2782,5.2782,-14.0942
20251017,excess_5d,-1.7656,2.0,偏冷,4.0,小升,1,20.0,-0.09,10.8852,9.0,4.0,16.0,0.5443,20.0,-0.09,0.09,-20.0
20251017,excess_10d,-10.1158,1.0,极冷,1.0,大降,1,20.0,-0.09,10.8852,9.0,4.0,16.0,0.5443,20.0,-0.09,0.09,-20.0
20251017,daily_excess,-1.3859,2.0,偏冷,2.0,小降,1,20.0,-0.09,10.8852,9.0,4.0,16.0,0.5443,20.0,-0.09,0.09,-20.0
20251020,excess_5d,-0.7976,3.0,中性,4.0,小升,1,18.4012,-1.4212,10.1184,8.0,3.0,15.0,0.5499,18.4012,-1.4212,1.4212,-18.4012
20251020,excess_10d,-8.6734,1.0,极冷,4.0,小升,1,18.4012,-1.4212,10.1184,8.0,3.0,15.0,0.5499,18.4012,-1.4212,1.4212,-18.4012
20251020,daily_excess,-1.2101,2.0,偏冷,3.0,稳定,1,18.4012,-1.4212,10.1184,8.0,3.0,15.0,0.5499,18.4012,-1.4212,1.4212,-18.4012
20251021,excess_5d,3.142,4.0,偏热,5.0,大升,1,15.5947,-3.7578,7.5372,7.0,2.0,18.0,0.4833,15.5947,-3.7578,3.7578,-15.5947
20251021,excess_10d,-6.8439,1.0,极冷,4.0,小升,1,15.5947,-3.7578,7.5372,7.0,2.0,18.0,0.4833,15.5947,-3.7578,3.7578,-15.5947
20251021,daily_excess,2.7598,5.0,极热,5.0,大升,1,15.5947,-3.7578,7.5372,7.0,2.0,18.0,0.4833,15.5947,-3.7578,3.7578,-15.5947
20251022,excess_5d,0.2866,3.0,中性,2.0,小降,1,17.204,-2.4179,9.0343,6.0,1.0,17.0,0.5251,17.204,-2.4179,2.4179,-17.204
20251022,excess_10d,-4.9439,2.0,偏冷,4.0,小升,1,17.204,-2.4179,9.0343,6.0,1.0,17.0,0.5251,17.204,-2.4179,2.4179,-17.204
20251022,daily_excess,0.3181,3.0,中性,2.0,小降,1,17.204,-2.4179,9.0343,6.0,1.0,17.0,0.5251,17.204,-2.4179,2.4179,-17.204
20251023,excess_5d,0.6596,3.0,中性,3.0,稳定,1,18.0517,1.1218,9.8229,5.0,1.0,16.0,0.5442,18.0517,1.1218,-1.1218,-18.0517
20251023,excess_10d,-3.7346,2.0,偏冷,4.0,小升,1,18.0517,1.1218,9.8229,5.0,1.0,16.0,0.5442,18.0517,1.1218,-1.1218,-18.0517
20251023,daily_excess,0.1777,3.0,中性,3.0,稳定,1,18.0517,1.1218,9.8229,5.0,1.0,16.0,0.5442,18.0517,1.1218,-1.1218,-18.0517
20251024,excess_5d,2.745,4.0,偏热,4.0,小升,1,12.6796,-2.0851,4.8253,4.0,20.0,15.0,0.3806,12.6796,-2.0851,2.0851,-12.6796
20251024,excess_10d,0.9794,3.0,中性,5.0,大升,1,12.6796,-2.0851,4.8253,4.0,20.0,15.0,0.3806,12.6796,-2.0851,2.0851,-12.6796
20251024,daily_excess,0.6995,4.0,偏热,3.0,稳定,1,12.6796,-2.0851,4.8253,4.0,20.0,15.0,0.3806,12.6796,-2.0851,2.0851,-12.6796
20251027,excess_5d,2.7445,4.0,偏热,3.0,稳定,1,11.2378,-3.338,3.6092,3.0,19.0,9.0,0.3212,11.2378,-3.338,3.338,-11.2378
20251027,excess_10d,1.9469,3.0,中性,4.0,小升,1,11.2378,-3.338,3.6092,3.0,19.0,9.0,0.3212,11.2378,-3.338,3.338,-11.2378
20251027,daily_excess,-1.2106,2.0,偏冷,2.0,小降,1,11.2378,-3.338,3.6092,3.0,19.0,9.0,0.3212,11.2378,-3.338,3.338,-11.2378
20251028,excess_5d,0.9474,3.0,中性,2.0,小降,1,10.1956,-4.2436,2.7625,2.0,18.0,19.0,0.271,10.1956,-4.2436,4.2436,-10.1956
20251028,excess_10d,4.0894,4.0,偏热,4.0,小升,1,10.1956,-4.2436,2.7625,2.0,18.0,19.0,0.271,10.1956,-4.2436,4.2436,-10.1956
20251028,daily_excess,0.9627,4.0,偏热,4.0,小升,1,10.1956,-4.2436,2.7625,2.0,18.0,19.0,0.271,10.1956,-4.2436,4.2436,-10.1956
20251029,excess_5d,7.5226,5.0,极热,5.0,大升,1,2.4072,-11.0115,-4.5006,1.0,17.0,18.0,-1.8696,2.4072,-11.0115,11.0115,-2.4072
20251029,excess_10d,7.8092,5.0,极热,5.0,大升,1,2.4072,-11.0115,-4.5006,1.0,17.0,18.0,-1.8696,2.4072,-11.0115,11.0115,-2.4072
20251029,daily_excess,6.8933,5.0,极热,5.0,大升,1,2.4072,-11.0115,-4.5006,1.0,17.0,18.0,-1.8696,2.4072,-11.0115,11.0115,-2.4072
20251030,excess_5d,7.1329,5.0,极热,3.0,稳定,1,3.3263,-8.9838,-2.3245,20.0,16.0,17.0,-0.6988,3.3263,-8.9838,8.9838,-3.3263
20251030,excess_10d,7.7925,5.0,极热,3.0,稳定,1,3.3263,-8.9838,-2.3245,20.0,16.0,17.0,-0.6988,3.3263,-8.9838,8.9838,-3.3263
20251030,daily_excess,-0.212,3.0,中性,1.0,大降,1,3.3263,-8.9838,-2.3245,20.0,16.0,17.0,-0.6988,3.3263,-8.9838,8.9838,-3.3263
20251031,excess_5d,8.2457,5.0,极热,4.0,小升,1,5.7858,-7.9836,-1.2512,20.0,15.0,16.0,-0.2163,5.7858,-7.9836,7.9836,-5.7858
20251031,excess_10d,10.9907,5.0,极热,4.0,小升,1,5.7858,-7.9836,-1.2512,20.0,15.0,16.0,-0.2163,5.7858,-7.9836,7.9836,-5.7858
20251031,daily_excess,1.8123,5.0,极热,4.0,小升,1,5.7858,-7.9836,-1.2512,20.0,15.0,16.0,-0.2163,5.7858,-7.9836,7.9836,-5.7858
20251103,excess_5d,7.0689,5.0,极热,2.0,小降,1,6.5333,-7.3333,-0.5533,19.0,14.0,15.0,-0.0847,6.5333,-7.3333,7.3333,-6.5333
20251103,excess_10d,9.8135,5.0,极热,2.0,小降,1,6.5333,-7.3333,-0.5533,19.0,14.0,15.0,-0.0847,6.5333,-7.3333,7.3333,-6.5333
20251103,daily_excess,-2.3874,1.0,极冷,1.0,大降,1,6.5333,-7.3333,-0.5533,19.0,14.0,15.0,-0.0847,6.5333,-7.3333,7.3333,-6.5333
20251104,excess_5d,6.5569,5.0,极热,3.0,稳定,1,8.7075,-5.4422,1.5714,18.0,13.0,14.0,0.1805,8.7075,-5.4422,5.4422,-8.7075
20251104,excess_10d,7.5043,5.0,极热,2.0,小降,1,8.7075,-5.4422,1.5714,18.0,13.0,14.0,0.1805,8.7075,-5.4422,5.4422,-8.7075
20251104,daily_excess,0.4506,4.0,偏热,4.0,小升,1,8.7075,-5.4422,1.5714,18.0,13.0,14.0,0.1805,8.7075,-5.4422,5.4422,-8.7075
20251105,excess_5d,-1.1902,2.0,偏冷,1.0,大降,1,10.6648,-3.7396,3.4003,17.0,12.0,13.0,0.3188,10.6648,-3.7396,3.7396,-10.6648
20251105,excess_10d,6.3324,4.0,偏热,2.0,小降,1,10.6648,-3.7396,3.4003,17.0,12.0,13.0,0.3188,10.6648,-3.7396,3.7396,-10.6648
20251105,daily_excess,-0.8538,2.0,偏冷,2.0,小降,1,10.6648,-3.7396,3.4003,17.0,12.0,13.0,0.3188,10.6648,-3.7396,3.7396,-10.6648
20251106,excess_5d,-1.2313,2.0,偏冷,3.0,稳定,1,10.5882,-3.8062,3.3287,16.0,11.0,12.0,0.3144,10.5882,-3.8062,3.8062,-10.5882
20251106,excess_10d,5.9017,4.0,偏热,3.0,稳定,1,10.5882,-3.8062,3.3287,16.0,11.0,12.0,0.3144,10.5882,-3.8062,3.8062,-10.5882
20251106,daily_excess,-0.253,3.0,中性,3.0,稳定,1,10.5882,-3.8062,3.3287,16.0,11.0,12.0,0.3144,10.5882,-3.8062,3.8062,-10.5882
20251107,excess_5d,-0.7439,3.0,中性,3.0,稳定,1,11.3646,-6.749,0.2751,20.0,10.0,4.0,0.0242,11.3646,-6.749,6.749,-11.3646
20251107,excess_10d,7.5019,5.0,极热,4.0,小升,1,11.3646,-6.749,0.2751,20.0,10.0,4.0,0.0242,11.3646,-6.749,6.749,-11.3646
20251107,daily_excess,2.2997,5.0,极热,4.0,小升,1,11.3646,-6.749,0.2751,20.0,10.0,4.0,0.0242,11.3646,-6.749,6.749,-11.3646
20251110,excess_5d,-1.4911,2.0,偏冷,3.0,稳定,1,16.4985,-6.4729,1.0968,20.0,9.0,5.0,0.0665,16.4985,-6.4729,6.4729,-16.4985
20251110,excess_10d,5.5778,4.0,偏热,2.0,小降,1,16.4985,-6.4729,1.0968,20.0,9.0,5.0,0.0665,16.4985,-6.4729,6.4729,-16.4985
20251110,daily_excess,-3.1346,1.0,极冷,1.0,大降,1,16.4985,-6.4729,1.0968,20.0,9.0,5.0,0.0665,16.4985,-6.4729,6.4729,-16.4985
20251111,excess_5d,2.5008,4.0,偏热,5.0,大升,1,14.4652,-8.1052,-0.6677,19.0,8.0,4.0,-0.0462,14.4652,-8.1052,8.1052,-14.4652
20251111,excess_10d,9.0577,5.0,极热,5.0,大升,1,14.4652,-8.1052,-0.6677,19.0,8.0,4.0,-0.0462,14.4652,-8.1052,8.1052,-14.4652
20251111,daily_excess,4.4425,5.0,极热,5.0,大升,1,14.4652,-8.1052,-0.6677,19.0,8.0,4.0,-0.0462,14.4652,-8.1052,8.1052,-14.4652
20251112,excess_5d,1.6977,3.0,中性,3.0,稳定,1,17.3832,-6.9238,1.145,20.0,7.0,9.0,0.0659,17.3832,-6.9238,6.9238,-17.3832
20251112,excess_10d,0.5074,3.0,中性,1.0,大降,1,17.3832,-6.9238,1.145,20.0,7.0,9.0,0.0659,17.3832,-6.9238,6.9238,-17.3832
20251112,daily_excess,-1.6569,2.0,偏冷,1.0,大降,1,17.3832,-6.9238,1.145,20.0,7.0,9.0,0.0659,17.3832,-6.9238,6.9238,-17.3832
20251113,excess_5d,1.1147,3.0,中性,3.0,稳定,1,19.9198,-7.0856,1.2767,20.0,6.0,9.0,0.0641,19.9198,-7.0856,7.0856,-19.9198
20251113,excess_10d,-0.1166,3.0,中性,3.0,稳定,1,19.9198,-7.0856,1.2767,20.0,6.0,9.0,0.0641,19.9198,-7.0856,7.0856,-19.9198
20251113,daily_excess,-0.836,2.0,偏冷,3.0,稳定,1,19.9198,-7.0856,1.2767,20.0,6.0,9.0,0.0641,19.9198,-7.0856,7.0856,-19.9198
20251114,excess_5d,0.468,3.0,中性,3.0,稳定,1,21.8104,-6.6613,2.0279,20.0,5.0,11.0,0.093,21.8104,-6.6613,6.6613,-21.8104
20251114,excess_10d,-0.2758,3.0,中性,3.0,稳定,1,21.8104,-6.6613,2.0279,20.0,5.0,11.0,0.093,21.8104,-6.6613,6.6613,-21.8104
20251114,daily_excess,1.653,4.0,偏热,4.0,小升,1,21.8104,-6.6613,2.0279,20.0,5.0,11.0,0.093,21.8104,-6.6613,6.6613,-21.8104
20251117,excess_5d,4.2296,4.0,偏热,5.0,大升,1,22.8098,-7.886,1.1465,20.0,4.0,11.0,0.0503,22.8098,-7.886,7.886,-22.8098
20251117,excess_10d,2.7385,3.0,中性,4.0,小升,1,22.8098,-7.886,1.1465,20.0,4.0,11.0,0.0503,22.8098,-7.886,7.886,-22.8098
20251117,daily_excess,0.627,4.0,偏热,2.0,小降,1,22.8098,-7.886,1.1465,20.0,4.0,11.0,0.0503,22.8098,-7.886,7.886,-22.8098
20251118,excess_5d,0.2384,3.0,中性,1.0,大降,1,24.6268,-6.5232,3.3289,19.0,3.0,10.0,0.1352,24.6268,-6.5232,6.5232,-24.6268
20251118,excess_10d,2.7393,4.0,偏热,3.0,稳定,1,24.6268,-6.5232,3.3289,19.0,3.0,10.0,0.1352,24.6268,-6.5232,6.5232,-24.6268
20251118,daily_excess,0.4514,4.0,偏热,3.0,稳定,1,24.6268,-6.5232,3.3289,19.0,3.0,10.0,0.1352,24.6268,-6.5232,6.5232,-24.6268
20251119,excess_5d,-1.0265,2.0,偏冷,2.0,小降,1,29.4134,-2.933,8.6592,18.0,2.0,7.0,0.2944,29.4134,-2.933,2.933,-29.4134
20251119,excess_10d,0.6712,3.0,中性,2.0,小降,1,29.4134,-2.933,8.6592,18.0,2.0,7.0,0.2944,29.4134,-2.933,2.933,-29.4134
20251119,daily_excess,-2.9219,1.0,极冷,1.0,大降,1,29.4134,-2.933,8.6592,18.0,2.0,7.0,0.2944,29.4134,-2.933,2.933,-29.4134
20251120,excess_5d,2.4996,4.0,偏热,4.0,小升,1,33.1973,-5.4422,8.898,20.0,1.0,6.0,0.268,33.1973,-5.4422,5.4422,-33.1973
20251120,excess_10d,3.6143,4.0,偏热,4.0,小升,1,33.1973,-5.4422,8.898,20.0,1.0,6.0,0.268,33.1973,-5.4422,5.4422,-33.1973
20251120,daily_excess,2.6901,5.0,极热,5.0,大升,1,33.1973,-5.4422,8.898,20.0,1.0,6.0,0.268,33.1973,-5.4422,5.4422,-33.1973
20251121,excess_5d,-1.6177,2.0,偏冷,1.0,大降,1,44.5818,1.1354,18.3673,20.0,1.0,11.0,0.412,44.5818,1.1354,-1.1354,-44.5818
20251121,excess_10d,-1.1497,2.0,偏冷,1.0,大降,1,44.5818,1.1354,18.3673,20.0,1.0,11.0,0.412,44.5818,1.1354,-1.1354,-44.5818
20251121,daily_excess,-2.4643,1.0,极冷,1.0,大降,1,44.5818,1.1354,18.3673,20.0,1.0,11.0,0.412,44.5818,1.1354,-1.1354,-44.5818
20251124,excess_5d,-1.779,2.0,偏冷,3.0,稳定,1,34.7803,-3.537,11.4617,19.0,7.0,10.0,0.3295,34.7803,-3.537,3.537,-34.7803
20251124,excess_10d,2.4506,3.0,中性,5.0,大升,1,34.7803,-3.537,11.4617,19.0,7.0,10.0,0.3295,34.7803,-3.537,3.537,-34.7803
20251124,daily_excess,0.4657,4.0,偏热,4.0,小升,1,34.7803,-3.537,11.4617,19.0,7.0,10.0,0.3295,34.7803,-3.537,3.537,-34.7803
20251125,excess_5d,-1.2159,2.0,偏冷,3.0,稳定,1,33.0688,-4.7619,10.6481,18.0,6.0,15.0,0.322,33.0688,-4.7619,4.7619,-33.0688
20251125,excess_10d,-0.9775,2.0,偏冷,1.0,大降,1,33.0688,-4.7619,10.6481,18.0,6.0,15.0,0.322,33.0688,-4.7619,4.7619,-33.0688
20251125,daily_excess,1.0144,4.0,偏热,3.0,稳定,1,33.0688,-4.7619,10.6481,18.0,6.0,15.0,0.322,33.0688,-4.7619,4.7619,-33.0688
20251126,excess_5d,4.2974,4.0,偏热,5.0,大升,1,32.5254,-5.1508,11.5136,17.0,5.0,15.0,0.354,32.5254,-5.1508,5.1508,-32.5254
20251126,excess_10d,3.2709,4.0,偏热,5.0,大升,1,32.5254,-5.1508,11.5136,17.0,5.0,15.0,0.354,32.5254,-5.1508,5.1508,-32.5254
20251126,daily_excess,2.5915,5.0,极热,4.0,小升,1,32.5254,-5.1508,11.5136,17.0,5.0,15.0,0.354,32.5254,-5.1508,5.1508,-32.5254
20251127,excess_5d,2.4275,4.0,偏热,2.0,小降,1,33.6794,-6.5542,10.7592,20.0,4.0,14.0,0.3195,33.6794,-6.5542,6.5542,-33.6794
20251127,excess_10d,4.9271,4.0,偏热,4.0,小升,1,33.6794,-6.5542,10.7592,20.0,4.0,14.0,0.3195,33.6794,-6.5542,6.5542,-33.6794
20251127,daily_excess,0.8202,4.0,偏热,2.0,小降,1,33.6794,-6.5542,10.7592,20.0,4.0,14.0,0.3195,33.6794,-6.5542,6.5542,-33.6794
20251128,excess_5d,4.894,5.0,极热,4.0,小升,1,37.4793,-8.3386,10.522,20.0,3.0,8.0,0.2807,37.4793,-8.3386,8.3386,-37.4793
20251128,excess_10d,3.2763,4.0,偏热,2.0,小降,1,37.4793,-8.3386,10.522,20.0,3.0,8.0,0.2807,37.4793,-8.3386,8.3386,-37.4793
20251128,daily_excess,0.0022,3.0,中性,2.0,小降,1,37.4793,-8.3386,10.522,20.0,3.0,8.0,0.2807,37.4793,-8.3386,8.3386,-37.4793
20251201,excess_5d,1.039,3.0,中性,1.0,大降,1,45.995,-5.3005,16.5001,20.0,2.0,10.0,0.3587,45.995,-5.3005,5.3005,-45.995
20251201,excess_10d,-0.74,3.0,中性,1.0,大降,1,45.995,-5.3005,16.5001,20.0,2.0,10.0,0.3587,45.995,-5.3005,5.3005,-45.995
20251201,daily_excess,-3.3894,1.0,极冷,1.0,大降,1,45.995,-5.3005,16.5001,20.0,2.0,10.0,0.3587,45.995,-5.3005,5.3005,-45.995
20251202,excess_5d,-2.2019,2.0,偏冷,1.0,大降,1,44.9086,-6.0052,16.8473,19.0,1.0,9.0,0.3751,44.9086,-6.0052,6.0052,-44.9086
20251202,excess_10d,-3.4178,2.0,偏冷,2.0,小降,1,44.9086,-6.0052,16.8473,19.0,1.0,9.0,0.3751,44.9086,-6.0052,6.0052,-44.9086
20251202,daily_excess,-2.2264,1.0,极冷,3.0,稳定,1,44.9086,-6.0052,16.8473,19.0,1.0,9.0,0.3751,44.9086,-6.0052,6.0052,-44.9086
20251203,excess_5d,-6.4568,1.0,极冷,1.0,大降,1,57.7237,-1.727,22.4164,20.0,1.0,14.0,0.3883,57.7237,-1.727,1.727,-57.7237
20251203,excess_10d,-2.1594,2.0,偏冷,4.0,小升,1,57.7237,-1.727,22.4164,20.0,1.0,14.0,0.3883,57.7237,-1.727,1.727,-57.7237
20251203,daily_excess,-1.6635,2.0,偏冷,3.0,稳定,1,57.7237,-1.727,22.4164,20.0,1.0,14.0,0.3883,57.7237,-1.727,1.727,-57.7237
20251204,excess_5d,-9.7078,1.0,极冷,1.0,大降,1,57.424,0.0,24.206,19.0,1.0,13.0,0.4215,57.424,0.0,-0.0,-57.424
20251204,excess_10d,-7.2802,1.0,极冷,1.0,大降,1,57.424,0.0,24.206,19.0,1.0,13.0,0.4215,57.424,0.0,-0.0,-57.424
20251204,daily_excess,-2.4307,1.0,极冷,3.0,稳定,1,57.424,0.0,24.206,19.0,1.0,13.0,0.4215,57.424,0.0,-0.0,-57.424
20251205,excess_5d,-3.7346,1.0,极冷,5.0,大升,1,42.2667,0.6133,14.185,18.0,2.0,13.0,0.3356,42.2667,0.6133,-0.6133,-42.2667
20251205,excess_10d,1.1594,3.0,中性,5.0,大升,1,42.2667,0.6133,14.185,18.0,2.0,13.0,0.3356,42.2667,0.6133,-0.6133,-42.2667
20251205,daily_excess,5.9754,5.0,极热,5.0,大升,1,42.2667,0.6133,14.185,18.0,2.0,13.0,0.3356,42.2667,0.6133,-0.6133,-42.2667
20251208,excess_5d,0.9963,3.0,中性,5.0,大升,1,39.4278,-1.3944,13.8358,17.0,1.0,12.0,0.3509,39.4278,-1.3944,1.3944,-39.4278
20251208,excess_10d,2.0353,3.0,中性,4.0,小升,1,39.4278,-1.3944,13.8358,17.0,1.0,12.0,0.3509,39.4278,-1.3944,1.3944,-39.4278
20251208,daily_excess,1.3415,4.0,偏热,1.0,大降,1,39.4278,-1.3944,13.8358,17.0,1.0,12.0,0.3509,39.4278,-1.3944,1.3944,-39.4278
20251209,excess_5d,2.6401,4.0,偏热,4.0,小升,1,39.4111,-0.7813,16.0156,16.0,1.0,7.0,0.4064,39.4111,-0.7813,0.7813,-39.4111
20251209,excess_10d,0.4383,3.0,中性,2.0,小降,1,39.4111,-0.7813,16.0156,16.0,1.0,7.0,0.4064,39.4111,-0.7813,0.7813,-39.4111
20251209,daily_excess,-0.5825,3.0,中性,2.0,小降,1,39.4111,-0.7813,16.0156,16.0,1.0,7.0,0.4064,39.4111,-0.7813,0.7813,-39.4111
20251210,excess_5d,4.7527,5.0,极热,4.0,小升,1,41.2026,-2.5152,15.8751,20.0,4.0,18.0,0.3853,41.2026,-2.5152,2.5152,-41.2026
20251210,excess_10d,-1.7041,2.0,偏冷,2.0,小降,1,41.2026,-2.5152,15.8751,20.0,4.0,18.0,0.3853,41.2026,-2.5152,2.5152,-41.2026
20251210,daily_excess,0.4491,3.0,中性,3.0,稳定,1,41.2026,-2.5152,15.8751,20.0,4.0,18.0,0.3853,41.2026,-2.5152,2.5152,-41.2026
20251211,excess_5d,8.9271,5.0,极热,5.0,大升,1,59.1265,-5.468,14.9291,20.0,3.0,17.0,0.2525,59.1265,-5.468,5.468,-59.1265
20251211,excess_10d,-0.7807,3.0,中性,4.0,小升,1,59.1265,-5.468,14.9291,20.0,3.0,17.0,0.2525,59.1265,-5.468,5.468,-59.1265
20251211,daily_excess,1.7437,4.0,偏热,4.0,小升,1,59.1265,-5.468,14.9291,20.0,3.0,17.0,0.2525,59.1265,-5.468,5.468,-59.1265
20251212,excess_5d,1.3218,3.0,中性,1.0,大降,1,55.8382,-7.4214,12.9708,19.0,2.0,12.0,0.2323,55.8382,-7.4214,7.4214,-55.8382
20251212,excess_10d,-2.4127,2.0,偏冷,2.0,小降,1,55.8382,-7.4214,12.9708,19.0,2.0,12.0,0.2323,55.8382,-7.4214,7.4214,-55.8382
20251212,daily_excess,-1.6299,2.0,偏冷,1.0,大降,1,55.8382,-7.4214,12.9708,19.0,2.0,12.0,0.2323,55.8382,-7.4214,7.4214,-55.8382
20251215,excess_5d,-6.9616,1.0,极冷,1.0,大降,1,57.6067,-6.3708,16.0393,18.0,1.0,13.0,0.2784,57.6067,-6.3708,6.3708,-57.6067
20251215,excess_10d,-5.9653,1.0,极冷,1.0,大降,1,57.6067,-6.3708,16.0393,18.0,1.0,13.0,0.2784,57.6067,-6.3708,6.3708,-57.6067
20251215,daily_excess,-6.9419,1.0,极冷,1.0,大降,1,57.6067,-6.3708,16.0393,18.0,1.0,13.0,0.2784,57.6067,-6.3708,6.3708,-57.6067
20251216,excess_5d,-10.0008,1.0,极冷,2.0,小降,1,66.7895,-0.5945,25.3092,17.0,1.0,12.0,0.3789,66.7895,-0.5945,0.5945,-66.7895
20251216,excess_10d,-7.3606,1.0,极冷,2.0,小降,1,66.7895,-0.5945,25.3092,17.0,1.0,12.0,0.3789,66.7895,-0.5945,0.5945,-66.7895
20251216,daily_excess,-3.6217,1.0,极冷,5.0,大升,1,66.7895,-0.5945,25.3092,17.0,1.0,12.0,0.3789,66.7895,-0.5945,0.5945,-66.7895
20251217,excess_5d,-6.2632,1.0,极冷,5.0,大升,1,64.6362,-1.2911,24.912,16.0,1.0,12.0,0.3854,64.6362,-1.2911,1.2911,-64.6362
20251217,excess_10d,-1.5105,2.0,偏冷,5.0,大升,1,64.6362,-1.2911,24.912,16.0,1.0,12.0,0.3854,64.6362,-1.2911,1.2911,-64.6362
20251217,daily_excess,4.1866,5.0,极热,5.0,大升,1,64.6362,-1.2911,24.912,16.0,1.0,12.0,0.3854,64.6362,-1.2911,1.2911,-64.6362
20251218,excess_5d,3.9461,4.0,偏热,5.0,大升,1,44.8322,-9.6541,11.1977,15.0,4.0,11.0,0.2498,44.8322,-9.6541,9.6541,-44.8322
20251218,excess_10d,12.8732,5.0,极热,5.0,大升,1,44.8322,-9.6541,11.1977,15.0,4.0,11.0,0.2498,44.8322,-9.6541,9.6541,-44.8322
20251218,daily_excess,11.953,5.0,极热,5.0,大升,1,44.8322,-9.6541,11.1977,15.0,4.0,11.0,0.2498,44.8322,-9.6541,9.6541,-44.8322
20251219,excess_5d,1.7407,3.0,中性,2.0,小降,1,45.8108,-9.0437,14.2931,14.0,3.0,12.0,0.312,45.8108,-9.0437,9.0437,-45.8108
20251219,excess_10d,3.0625,4.0,偏热,1.0,大降,1,45.8108,-9.0437,14.2931,14.0,3.0,12.0,0.312,45.8108,-9.0437,9.0437,-45.8108
20251219,daily_excess,-3.8353,1.0,极冷,1.0,大降,1,45.8108,-9.0437,14.2931,14.0,3.0,12.0,0.312,45.8108,-9.0437,9.0437,-45.8108
20251222,excess_5d,6.5347,5.0,极热,5.0,大升,1,50.8442,-5.9039,19.5451,13.0,2.0,11.0,0.3844,50.8442,-5.9039,5.9039,-50.8442
20251222,excess_10d,-0.4269,3.0,中性,1.0,大降,1,50.8442,-5.9039,19.5451,13.0,2.0,11.0,0.3844,50.8442,-5.9039,5.9039,-50.8442
20251222,daily_excess,-2.1479,2.0,偏冷,4.0,小升,1,50.8442,-5.9039,19.5451,13.0,2.0,11.0,0.3844,50.8442,-5.9039,5.9039,-50.8442
20251223,excess_5d,11.1087,5.0,极热,5.0,大升,1,55.7863,-2.821,23.6673,12.0,1.0,19.0,0.4242,55.7863,-2.821,2.821,-55.7863
20251223,excess_10d,1.1079,3.0,中性,4.0,小升,1,55.7863,-2.821,23.6673,12.0,1.0,19.0,0.4242,55.7863,-2.821,2.821,-55.7863
20251223,daily_excess,0.9523,4.0,偏热,5.0,大升,1,55.7863,-2.821,23.6673,12.0,1.0,19.0,0.4242,55.7863,-2.821,2.821,-55.7863
20251224,excess_5d,4.8999,5.0,极热,1.0,大降,1,50.5043,0.3433,20.1717,11.0,1.0,17.0,0.3994,50.5043,0.3433,-0.3433,-50.5043
20251224,excess_10d,-1.3633,2.0,偏冷,2.0,小降,1,50.5043,0.3433,20.1717,11.0,1.0,17.0,0.3994,50.5043,0.3433,-0.3433,-50.5043
20251224,daily_excess,-2.0222,2.0,偏冷,1.0,大降,1,50.5043,0.3433,20.1717,11.0,1.0,17.0,0.3994,50.5043,0.3433,-0.3433,-50.5043
20251225,excess_5d,-8.2779,1.0,极冷,1.0,大降,1,38.3743,-6.4911,12.0598,10.0,5.0,18.0,0.3143,38.3743,-6.4911,6.4911,-38.3743
20251225,excess_10d,-4.3318,2.0,偏冷,1.0,大降,1,38.3743,-6.4911,12.0598,10.0,5.0,18.0,0.3143,38.3743,-6.4911,6.4911,-38.3743
20251225,daily_excess,-1.2248,2.0,偏冷,3.0,稳定,1,38.3743,-6.4911,12.0598,10.0,5.0,18.0,0.3143,38.3743,-6.4911,6.4911,-38.3743
20251226,excess_5d,-2.6535,2.0,偏冷,5.0,大升,1,32.0561,-10.7607,8.0305,9.0,4.0,17.0,0.2505,32.0561,-10.7607,10.7607,-32.0561
20251226,excess_10d,-0.9128,2.0,偏冷,5.0,大升,1,32.0561,-10.7607,8.0305,9.0,4.0,17.0,0.2505,32.0561,-10.7607,10.7607,-32.0561
20251226,daily_excess,1.7891,4.0,偏热,4.0,小升,1,32.0561,-10.7607,8.0305,9.0,4.0,17.0,0.2505,32.0561,-10.7607,10.7607,-32.0561
20251229,excess_5d,-2.9743,2.0,偏冷,3.0,稳定,1,28.972,-12.8448,5.5075,8.0,3.0,16.0,0.1901,28.972,-12.8448,12.8448,-28.972
20251229,excess_10d,3.5604,4.0,偏热,5.0,大升,1,28.972,-12.8448,5.5075,8.0,3.0,16.0,0.1901,28.972,-12.8448,12.8448,-28.972
20251229,daily_excess,-2.4687,1.0,极冷,1.0,大降,1,28.972,-12.8448,5.5075,8.0,3.0,16.0,0.1901,28.972,-12.8448,12.8448,-28.972
20251230,excess_5d,-6.4015,1.0,极冷,1.0,大降,1,37.5196,-7.0686,12.5,7.0,2.0,15.0,0.3332,37.5196,-7.0686,7.0686,-37.5196
20251230,excess_10d,4.7072,4.0,偏热,4.0,小升,1,37.5196,-7.0686,12.5,7.0,2.0,15.0,0.3332,37.5196,-7.0686,7.0686,-37.5196
20251230,daily_excess,-2.475,1.0,极冷,3.0,稳定,1,37.5196,-7.0686,12.5,7.0,2.0,15.0,0.3332,37.5196,-7.0686,7.0686,-37.5196
20251231,excess_5d,0.3975,3.0,中性,5.0,大升,1,25.7914,-14.9942,2.9056,6.0,1.0,14.0,0.1127,25.7914,-14.9942,14.9942,-25.7914
20251231,excess_10d,5.2974,4.0,偏热,3.0,稳定,1,25.7914,-14.9942,2.9056,6.0,1.0,14.0,0.1127,25.7914,-14.9942,14.9942,-25.7914
20251231,daily_excess,4.7768,5.0,极热,5.0,大升,1,25.7914,-14.9942,2.9056,6.0,1.0,14.0,0.1127,25.7914,-14.9942,14.9942,-25.7914
20260105,excess_5d,-7.517,1.0,极冷,1.0,大降,1,34.1655,-5.3085,9.7561,5.0,1.0,13.0,0.2856,34.1655,-5.3085,5.3085,-34.1655
20260105,excess_10d,-15.7949,1.0,极冷,1.0,大降,1,34.1655,-5.3085,9.7561,5.0,1.0,13.0,0.2856,34.1655,-5.3085,5.3085,-34.1655
20260105,daily_excess,-9.1393,1.0,极冷,1.0,大降,1,34.1655,-5.3085,9.7561,5.0,1.0,13.0,0.2856,34.1655,-5.3085,5.3085,-34.1655
20260106,excess_5d,-15.9532,1.0,极冷,1.0,大降,1,31.5483,-7.1556,7.6151,4.0,1.0,12.0,0.2414,31.5483,-7.1556,7.1556,-31.5483
20260106,excess_10d,-18.6066,1.0,极冷,1.0,大降,1,31.5483,-7.1556,7.6151,4.0,1.0,12.0,0.2414,31.5483,-7.1556,7.1556,-31.5483
20260106,daily_excess,-6.647,1.0,极冷,4.0,小升,1,31.5483,-7.1556,7.6151,4.0,1.0,12.0,0.2414,31.5483,-7.1556,7.1556,-31.5483
20260107,excess_5d,-17.7152,1.0,极冷,2.0,小降,1,38.5383,-1.1852,13.3333,3.0,1.0,11.0,0.346,38.5383,-1.1852,1.1852,-38.5383
20260107,excess_10d,-20.6895,1.0,极冷,2.0,小降,1,38.5383,-1.1852,13.3333,3.0,1.0,11.0,0.346,38.5383,-1.1852,1.1852,-38.5383
20260107,daily_excess,-4.2307,1.0,极冷,4.0,小升,1,38.5383,-1.1852,13.3333,3.0,1.0,11.0,0.346,38.5383,-1.1852,1.1852,-38.5383
20260108,excess_5d,-13.3663,1.0,极冷,5.0,大升,1,26.2102,-6.5413,3.2482,2.0,20.0,10.0,0.1239,26.2102,-6.5413,6.5413,-26.2102
20260108,excess_10d,-19.7678,1.0,极冷,4.0,小升,1,26.2102,-6.5413,3.2482,2.0,20.0,10.0,0.1239,26.2102,-6.5413,6.5413,-26.2102
20260108,daily_excess,1.8739,5.0,极热,5.0,大升,1,26.2102,-6.5413,3.2482,2.0,20.0,10.0,0.1239,26.2102,-6.5413,6.5413,-26.2102
20260109,excess_5d,-16.4017,1.0,极冷,2.0,小降,1,20.0017,-12.747,-2.5665,1.0,20.0,14.0,-0.1283,20.0017,-12.747,12.747,-20.0017
20260109,excess_10d,-16.0042,1.0,极冷,5.0,大升,1,20.0017,-12.747,-2.5665,1.0,20.0,14.0,-0.1283,20.0017,-12.747,12.747,-20.0017
20260109,daily_excess,1.7414,4.0,偏热,3.0,稳定,1,20.0017,-12.747,-2.5665,1.0,20.0,14.0,-0.1283,20.0017,-12.747,12.747,-20.0017
20260112,excess_5d,3.7736,4.0,偏热,5.0,大升,1,-1.6183,-27.2902,-19.5944,1.0,19.0,13.0,,-1.6183,-27.2902,27.2902,1.6183
20260112,excess_10d,-3.7434,2.0,偏冷,5.0,大升,1,-1.6183,-27.2902,-19.5944,1.0,19.0,13.0,,-1.6183,-27.2902,27.2902,1.6183
20260112,daily_excess,11.0361,5.0,极热,5.0,大升,1,-1.6183,-27.2902,-19.5944,1.0,19.0,13.0,,-1.6183,-27.2902,27.2902,1.6183
20260113,excess_5d,9.0113,5.0,极热,5.0,大升,1,6.1399,-17.9287,-9.5518,1.0,18.0,5.0,-1.5557,6.1399,-17.9287,17.9287,-6.1399
20260113,excess_10d,-6.9419,1.0,极冷,1.0,大降,1,6.1399,-17.9287,-9.5518,1.0,18.0,5.0,-1.5557,6.1399,-17.9287,17.9287,-6.1399
20260113,daily_excess,-1.4094,2.0,偏冷,1.0,大降,1,6.1399,-17.9287,-9.5518,1.0,18.0,5.0,-1.5557,6.1399,-17.9287,17.9287,-6.1399
20260114,excess_5d,14.8921,5.0,极热,5.0,大升,1,4.1949,-16.7632,-8.6999,7.0,17.0,12.0,-2.0,4.1949,-16.7632,16.7632,-4.1949
20260114,excess_10d,-2.8231,2.0,偏冷,5.0,大升,1,4.1949,-16.7632,-8.6999,7.0,17.0,12.0,-2.0,4.1949,-16.7632,16.7632,-4.1949
20260114,daily_excess,1.6501,4.0,偏热,5.0,大升,1,4.1949,-16.7632,-8.6999,7.0,17.0,12.0,-2.0,4.1949,-16.7632,16.7632,-4.1949
20260115,excess_5d,12.9391,5.0,极热,2.0,小降,1,11.2108,-11.1585,-3.0401,6.0,16.0,11.0,-0.2712,11.2108,-11.1585,11.1585,-11.2108
20260115,excess_10d,-0.4272,3.0,中性,4.0,小升,1,11.2108,-11.1585,-3.0401,6.0,16.0,11.0,-0.2712,11.2108,-11.1585,11.1585,-11.2108
20260115,daily_excess,-0.0791,3.0,中性,2.0,小降,1,11.2108,-11.1585,-3.0401,6.0,16.0,11.0,-0.2712,11.2108,-11.1585,11.1585,-11.2108
20260116,excess_5d,13.883,5.0,极热,4.0,小升,1,9.7104,-12.3571,-4.7993,5.0,15.0,12.0,-0.4942,9.7104,-12.3571,12.3571,-9.7104
20260116,excess_10d,-2.5186,2.0,偏冷,2.0,小降,1,9.7104,-12.3571,-4.7993,5.0,15.0,12.0,-0.4942,9.7104,-12.3571,12.3571,-9.7104
20260116,daily_excess,2.6854,5.0,极热,4.0,小升,1,9.7104,-12.3571,-4.7993,5.0,15.0,12.0,-0.4942,9.7104,-12.3571,12.3571,-9.7104
20260119,excess_5d,3.4525,4.0,偏热,1.0,大降,1,5.9238,-17.0331,-9.3462,4.0,20.0,11.0,-1.5777,5.9238,-17.0331,17.0331,-5.9238
20260119,excess_10d,7.2261,5.0,极热,5.0,大升,1,5.9238,-17.0331,-9.3462,4.0,20.0,11.0,-1.5777,5.9238,-17.0331,17.0331,-5.9238
20260119,daily_excess,0.6055,4.0,偏热,2.0,小降,1,5.9238,-17.0331,-9.3462,4.0,20.0,11.0,-1.5777,5.9238,-17.0331,17.0331,-5.9238
20260120,excess_5d,4.5331,4.0,偏热,4.0,小升,1,13.4945,-11.1032,-4.6182,3.0,19.0,20.0,-0.3422,13.4945,-11.1032,11.1032,-13.4945
20260120,excess_10d,13.5444,5.0,极热,5.0,大升,1,13.4945,-11.1032,-4.6182,3.0,19.0,20.0,-0.3422,13.4945,-11.1032,11.1032,-13.4945
20260120,daily_excess,-0.3288,3.0,中性,2.0,小降,1,13.4945,-11.1032,-4.6182,3.0,19.0,20.0,-0.3422,13.4945,-11.1032,11.1032,-13.4945
20260121,excess_5d,3.4978,4.0,偏热,3.0,稳定,1,14.8215,-10.0639,-3.503,2.0,18.0,19.0,-0.2363,14.8215,-10.0639,10.0639,-14.8215
20260121,excess_10d,18.3899,5.0,极热,5.0,大升,1,14.8215,-10.0639,-3.503,2.0,18.0,19.0,-0.2363,14.8215,-10.0639,10.0639,-14.8215
20260121,daily_excess,0.6148,4.0,偏热,3.0,稳定,1,14.8215,-10.0639,-3.503,2.0,18.0,19.0,-0.2363,14.8215,-10.0639,10.0639,-14.8215
20260122,excess_5d,2.6001,4.0,偏热,3.0,稳定,1,11.3078,-12.816,-6.456,1.0,17.0,18.0,-0.5709,11.3078,-12.816,12.816,-11.3078
20260122,excess_10d,15.5392,5.0,极热,1.0,大降,1,11.3078,-12.816,-6.456,1.0,17.0,18.0,-0.5709,11.3078,-12.816,12.816,-11.3078
20260122,daily_excess,-0.9767,2.0,偏冷,2.0,小降,1,11.3078,-12.816,-6.456,1.0,17.0,18.0,-0.5709,11.3078,-12.816,12.816,-11.3078
20260123,excess_5d,-0.9516,2.0,偏冷,1.0,大降,1,2.0,-20.0,-14.164,1.0,16.0,17.0,-2.0,2.0,-20.0,20.0,-2.0
20260123,excess_10d,12.9314,5.0,极热,2.0,小降,1,2.0,-20.0,-14.164,1.0,16.0,17.0,-2.0,2.0,-20.0,20.0,-2.0
20260123,daily_excess,-0.8664,2.0,偏冷,3.0,稳定,1,2.0,-20.0,-14.164,1.0,16.0,17.0,-2.0,2.0,-20.0,20.0,-2.0
20260126,excess_5d,1.224,3.0,中性,4.0,小升,1,3.4188,-14.5299,-9.1154,1.0,15.0,16.0,-2.0,3.4188,-14.5299,14.5299,-3.4188
20260126,excess_10d,4.6765,4.0,偏热,1.0,大降,1,3.4188,-14.5299,-9.1154,1.0,15.0,16.0,-2.0,3.4188,-14.5299,14.5299,-3.4188
20260126,daily_excess,2.7811,5.0,极热,5.0,大升,1,3.4188,-14.5299,-9.1154,1.0,15.0,16.0,-2.0,3.4188,-14.5299,14.5299,-3.4188
20260127,excess_5d,2.1976,4.0,偏热,4.0,小升,1,1.654,-15.6118,-10.4515,1.0,14.0,6.0,-2.0,1.654,-15.6118,15.6118,-1.654
20260127,excess_10d,6.7306,5.0,极热,4.0,小升,1,1.654,-15.6118,-10.4515,1.0,14.0,6.0,-2.0,1.654,-15.6118,15.6118,-1.654
20260127,daily_excess,0.6447,4.0,偏热,2.0,小降,1,1.654,-15.6118,-10.4515,1.0,14.0,6.0,-2.0,1.654,-15.6118,15.6118,-1.654
20260128,excess_5d,-1.6894,2.0,偏冷,1.0,大降,1,4.5321,-10.9607,-5.7252,17.0,13.0,9.0,-1.2633,4.5321,-10.9607,10.9607,-4.5321
20260128,excess_10d,1.8084,3.0,中性,1.0,大降,1,4.5321,-10.9607,-5.7252,17.0,13.0,9.0,-1.2633,4.5321,-10.9607,10.9607,-4.5321
20260128,daily_excess,-3.2722,1.0,极冷,1.0,大降,1,4.5321,-10.9607,-5.7252,17.0,13.0,9.0,-1.2633,4.5321,-10.9607,10.9607,-4.5321
20260129,excess_5d,2.5179,4.0,偏热,5.0,大升,1,3.8203,-11.567,-6.9597,16.0,12.0,8.0,-1.8218,3.8203,-11.567,11.567,-3.8203
20260129,excess_10d,5.118,4.0,偏热,5.0,大升,1,3.8203,-11.567,-6.9597,16.0,12.0,8.0,-1.8218,3.8203,-11.567,11.567,-3.8203
20260129,daily_excess,3.2305,5.0,极热,5.0,大升,1,3.8203,-11.567,-6.9597,16.0,12.0,8.0,-1.8218,3.8203,-11.567,11.567,-3.8203
20260130,excess_5d,3.5706,4.0,偏热,4.0,小升,1,5.3576,-15.2113,-6.3493,15.0,20.0,9.0,-1.1851,5.3576,-15.2113,15.2113,-5.3576
20260130,excess_10d,2.619,3.0,中性,2.0,小降,1,5.3576,-15.2113,-6.3493,15.0,20.0,9.0,-1.1851,5.3576,-15.2113,15.2113,-5.3576
20260130,daily_excess,0.1864,3.0,中性,1.0,大降,1,5.3576,-15.2113,-6.3493,15.0,20.0,9.0,-1.1851,5.3576,-15.2113,15.2113,-5.3576
20260202,excess_5d,-1.7258,2.0,偏冷,1.0,大降,1,8.5529,-12.6399,-4.0407,14.0,19.0,8.0,-0.4724,8.5529,-12.6399,12.6399,-8.5529
20260202,excess_10d,-0.5018,3.0,中性,1.0,大降,1,8.5529,-12.6399,-4.0407,14.0,19.0,8.0,-0.4724,8.5529,-12.6399,12.6399,-8.5529
20260202,daily_excess,-2.5153,1.0,极冷,2.0,小降,1,8.5529,-12.6399,-4.0407,14.0,19.0,8.0,-0.4724,8.5529,-12.6399,12.6399,-8.5529
20260203,excess_5d,-5.2007,1.0,极冷,1.0,大降,1,6.3598,-14.4048,-6.2285,13.0,18.0,14.0,-0.9794,6.3598,-14.4048,14.4048,-6.3598
20260203,excess_10d,-3.0031,2.0,偏冷,2.0,小降,1,6.3598,-14.4048,-6.2285,13.0,18.0,14.0,-0.9794,6.3598,-14.4048,14.4048,-6.3598
20260203,daily_excess,-2.8302,1.0,极冷,3.0,稳定,1,6.3598,-14.4048,-6.2285,13.0,18.0,14.0,-0.9794,6.3598,-14.4048,14.4048,-6.3598
20260204,excess_5d,-4.2899,1.0,极冷,4.0,小升,1,10.5149,-11.0609,-2.7252,12.0,17.0,13.0,-0.2592,10.5149,-11.0609,11.0609,-10.5149
20260204,excess_10d,-5.9792,1.0,极冷,1.0,大降,1,10.5149,-11.0609,-2.7252,12.0,17.0,13.0,-0.2592,10.5149,-11.0609,11.0609,-10.5149
20260204,daily_excess,-2.3613,1.0,极冷,3.0,稳定,1,10.5149,-11.0609,-2.7252,12.0,17.0,13.0,-0.2592,10.5149,-11.0609,11.0609,-10.5149
20260205,excess_5d,-8.0421,1.0,极冷,1.0,大降,1,12.1727,-9.7267,-1.5049,11.0,16.0,14.0,-0.1236,12.1727,-9.7267,9.7267,-12.1727
20260205,excess_10d,-5.5242,1.0,极冷,3.0,稳定,1,12.1727,-9.7267,-1.5049,11.0,16.0,14.0,-0.1236,12.1727,-9.7267,9.7267,-12.1727
20260205,daily_excess,-0.5217,3.0,中性,4.0,小升,1,12.1727,-9.7267,-1.5049,11.0,16.0,14.0,-0.1236,12.1727,-9.7267,9.7267,-12.1727
20260206,excess_5d,-9.1063,1.0,极冷,2.0,小降,1,14.8728,-8.8258,0.8659,10.0,20.0,13.0,0.0582,14.8728,-8.8258,8.8258,-14.8728
20260206,excess_10d,-5.5356,1.0,极冷,3.0,稳定,1,14.8728,-8.8258,0.8659,10.0,20.0,13.0,0.0582,14.8728,-8.8258,8.8258,-14.8728
20260206,daily_excess,-0.8778,2.0,偏冷,3.0,稳定,1,14.8728,-8.8258,0.8659,10.0,20.0,13.0,0.0582,14.8728,-8.8258,8.8258,-14.8728
20260209,excess_5d,-4.8296,1.0,极冷,5.0,大升,1,10.7547,-13.8113,-3.1132,9.0,20.0,15.0,-0.2895,10.7547,-13.8113,13.8113,-10.7547
20260209,excess_10d,-6.5554,1.0,极冷,3.0,稳定,1,10.7547,-13.8113,-3.1132,9.0,20.0,15.0,-0.2895,10.7547,-13.8113,13.8113,-10.7547
20260209,daily_excess,1.7614,4.0,偏热,4.0,小升,1,10.7547,-13.8113,-3.1132,9.0,20.0,15.0,-0.2895,10.7547,-13.8113,13.8113,-10.7547
20260210,excess_5d,-0.2552,3.0,中性,5.0,大升,1,11.0061,-13.6157,-3.2574,8.0,19.0,10.0,-0.296,11.0061,-13.6157,13.6157,-11.0061
20260210,excess_10d,-5.4559,1.0,极冷,4.0,小升,1,11.0061,-13.6157,-3.2574,8.0,19.0,10.0,-0.296,11.0061,-13.6157,13.6157,-11.0061
20260210,daily_excess,1.7442,4.0,偏热,3.0,稳定,1,11.0061,-13.6157,-3.2574,8.0,19.0,10.0,-0.296,11.0061,-13.6157,13.6157,-11.0061
20260211,excess_5d,1.2661,3.0,中性,4.0,小升,1,13.419,-11.738,-1.2752,7.0,18.0,11.0,-0.095,13.419,-11.738,11.738,-13.419
20260211,excess_10d,-3.0238,2.0,偏冷,4.0,小升,1,13.419,-11.738,-1.2752,7.0,18.0,11.0,-0.095,13.419,-11.738,11.738,-13.419
20260211,daily_excess,-0.84,2.0,偏冷,2.0,小降,1,13.419,-11.738,-1.2752,7.0,18.0,11.0,-0.095,13.419,-11.738,11.738,-13.419
20260212,excess_5d,3.4622,4.0,偏热,4.0,小升,1,12.8304,-12.494,-1.8981,6.0,20.0,10.0,-0.1479,12.8304,-12.494,12.494,-12.8304
20260212,excess_10d,-4.5799,2.0,偏冷,2.0,小降,1,12.8304,-12.494,-1.8981,6.0,20.0,10.0,-0.1479,12.8304,-12.494,12.494,-12.8304
20260212,daily_excess,1.6745,4.0,偏热,4.0,小升,1,12.8304,-12.494,-1.8981,6.0,20.0,10.0,-0.1479,12.8304,-12.494,12.494,-12.8304
20260213,excess_5d,3.8493,4.0,偏热,3.0,稳定,1,14.6484,-17.5586,-1.2549,5.0,20.0,1.0,-0.0857,14.6484,-17.5586,17.5586,-14.6484
20260213,excess_10d,-5.257,1.0,极冷,3.0,稳定,1,14.6484,-17.5586,-1.2549,5.0,20.0,1.0,-0.0857,14.6484,-17.5586,17.5586,-14.6484
20260213,daily_excess,-0.4907,3.0,中性,2.0,小降,1,14.6484,-17.5586,-1.2549,5.0,20.0,1.0,-0.0857,14.6484,-17.5586,17.5586,-14.6484
20260224,excess_5d,1.5756,3.0,中性,2.0,小降,1,15.098,-17.5392,-2.2892,4.0,20.0,12.0,-0.1516,15.098,-17.5392,17.5392,-15.098
20260224,excess_10d,-3.254,2.0,偏冷,4.0,小升,1,15.098,-17.5392,-2.2892,4.0,20.0,12.0,-0.1516,15.098,-17.5392,17.5392,-15.098
20260224,daily_excess,-0.5123,3.0,中性,3.0,稳定,1,15.098,-17.5392,-2.2892,4.0,20.0,12.0,-0.1516,15.098,-17.5392,17.5392,-15.098
20260225,excess_5d,1.412,3.0,中性,3.0,稳定,1,10.2969,-20.979,-7.2576,3.0,19.0,11.0,-0.7048,10.2969,-20.979,20.979,-10.2969
20260225,excess_10d,1.1567,3.0,中性,5.0,大升,1,10.2969,-20.979,-7.2576,3.0,19.0,11.0,-0.7048,10.2969,-20.979,20.979,-10.2969
20260225,daily_excess,1.5806,4.0,偏热,4.0,小升,1,10.2969,-20.979,-7.2576,3.0,19.0,11.0,-0.7048,10.2969,-20.979,20.979,-10.2969
20260226,excess_5d,6.2363,5.0,极热,5.0,大升,1,4.4112,-25.1957,-13.6651,2.0,18.0,11.0,-2.0,4.4112,-25.1957,25.1957,-4.4112
20260226,excess_10d,7.5024,5.0,极热,5.0,大升,1,4.4112,-25.1957,-13.6651,2.0,18.0,11.0,-2.0,4.4112,-25.1957,25.1957,-4.4112
20260226,daily_excess,3.9843,5.0,极热,4.0,小升,1,4.4112,-25.1957,-13.6651,2.0,18.0,11.0,-2.0,4.4112,-25.1957,25.1957,-4.4112
20260227,excess_5d,4.6687,4.0,偏热,2.0,小降,1,2.9825,-26.2193,-16.1053,1.0,17.0,11.0,-2.0,2.9825,-26.2193,26.2193,-2.9825
20260227,excess_10d,8.1309,5.0,极热,3.0,稳定,1,2.9825,-26.2193,-16.1053,1.0,17.0,11.0,-2.0,2.9825,-26.2193,26.2193,-2.9825
20260227,daily_excess,0.1068,3.0,中性,1.0,大降,1,2.9825,-26.2193,-16.1053,1.0,17.0,11.0,-2.0,2.9825,-26.2193,26.2193,-2.9825
20260302,excess_5d,-0.6389,3.0,中性,1.0,大降,1,-0.5393,-25.6388,-15.9447,1.0,16.0,12.0,,-0.5393,-25.6388,25.6388,0.5393
20260302,excess_10d,3.2104,4.0,偏热,1.0,大降,1,-0.5393,-25.6388,-15.9447,1.0,16.0,12.0,,-0.5393,-25.6388,25.6388,0.5393
20260302,daily_excess,-5.7983,1.0,极冷,1.0,大降,1,-0.5393,-25.6388,-15.9447,1.0,16.0,12.0,,-0.5393,-25.6388,25.6388,0.5393
20260303,excess_5d,0.0176,3.0,中性,3.0,稳定,1,2.3092,-18.7343,-8.9034,3.0,15.0,12.0,-2.0,2.3092,-18.7343,18.7343,-2.3092
20260303,excess_10d,1.5932,3.0,中性,2.0,小降,1,2.3092,-18.7343,-8.9034,3.0,15.0,12.0,-2.0,2.3092,-18.7343,18.7343,-2.3092
20260303,daily_excess,0.1442,3.0,中性,5.0,大升,1,2.3092,-18.7343,-8.9034,3.0,15.0,12.0,-2.0,2.3092,-18.7343,18.7343,-2.3092
20260304,excess_5d,-5.3649,1.0,极冷,1.0,大降,1,3.5802,-17.7247,-8.8819,2.0,14.0,11.0,-2.0,3.5802,-17.7247,17.7247,-3.5802
20260304,excess_10d,-3.9529,2.0,偏冷,1.0,大降,1,3.5802,-17.7247,-8.8819,2.0,14.0,11.0,-2.0,3.5802,-17.7247,17.7247,-3.5802
20260304,daily_excess,-3.8019,1.0,极冷,1.0,大降,1,3.5802,-17.7247,-8.8819,2.0,14.0,11.0,-2.0,3.5802,-17.7247,17.7247,-3.5802
20260305,excess_5d,-9.283,1.0,极冷,1.0,大降,1,2.6364,-18.4744,-10.4342,1.0,13.0,18.0,-2.0,2.6364,-18.4744,18.4744,-2.6364
20260305,excess_10d,-3.0467,2.0,偏冷,4.0,小升,1,2.6364,-18.4744,-10.4342,1.0,13.0,18.0,-2.0,2.6364,-18.4744,18.4744,-2.6364
20260305,daily_excess,0.0662,3.0,中性,5.0,大升,1,2.6364,-18.4744,-10.4342,1.0,13.0,18.0,-2.0,2.6364,-18.4744,18.4744,-2.6364
20260306,excess_5d,-10.693,1.0,极冷,2.0,小降,1,1.1356,-17.6603,-9.5986,3.0,12.0,18.0,-2.0,1.1356,-17.6603,17.6603,-1.1356
20260306,excess_10d,-6.0243,1.0,极冷,1.0,大降,1,1.1356,-17.6603,-9.5986,3.0,12.0,18.0,-2.0,1.1356,-17.6603,17.6603,-1.1356
20260306,daily_excess,-1.3031,2.0,偏冷,2.0,小降,1,1.1356,-17.6603,-9.5986,3.0,12.0,18.0,-2.0,1.1356,-17.6603,17.6603,-1.1356
20260309,excess_5d,-6.9652,1.0,极冷,5.0,大升,1,5.0646,-14.4615,-6.4985,2.0,11.0,17.0,-1.2831,5.0646,-14.4615,14.4615,-5.0646
20260309,excess_10d,-7.6041,1.0,极冷,2.0,小降,1,5.0646,-14.4615,-6.4985,2.0,11.0,17.0,-1.2831,5.0646,-14.4615,14.4615,-5.0646
20260309,daily_excess,-2.0705,2.0,偏冷,3.0,稳定,1,5.0646,-14.4615,-6.4985,2.0,11.0,17.0,-1.2831,5.0646,-14.4615,14.4615,-5.0646
20260310,excess_5d,-5.2388,1.0,极冷,4.0,小升,1,0.301,-18.3398,-10.7379,1.0,10.0,16.0,,0.301,-18.3398,18.3398,-0.301
20260310,excess_10d,-5.2212,1.0,极冷,4.0,小升,1,0.301,-18.3398,-10.7379,1.0,10.0,16.0,,0.301,-18.3398,18.3398,-0.301
20260310,daily_excess,1.8705,5.0,极热,5.0,大升,1,0.301,-18.3398,-10.7379,1.0,10.0,16.0,,0.301,-18.3398,18.3398,-0.301
20260311,excess_5d,-1.6671,2.0,偏冷,4.0,小升,1,2.165,-16.083,-8.271,1.0,9.0,15.0,-2.0,2.165,-16.083,16.083,-2.165
20260311,excess_10d,-7.032,1.0,极冷,2.0,小降,1,2.165,-16.083,-8.271,1.0,9.0,15.0,-2.0,2.165,-16.083,16.083,-2.165
20260311,daily_excess,-0.2302,3.0,中性,2.0,小降,1,2.165,-16.083,-8.271,1.0,9.0,15.0,-2.0,2.165,-16.083,16.083,-2.165
20260312,excess_5d,-0.2,3.0,中性,4.0,小升,1,-0.2321,-15.1261,-7.3108,1.0,8.0,3.0,,-0.2321,-15.1261,15.1261,0.2321
20260312,excess_10d,-9.483,1.0,极冷,2.0,小降,1,-0.2321,-15.1261,-7.3108,1.0,8.0,3.0,,-0.2321,-15.1261,15.1261,0.2321
20260312,daily_excess,1.5334,4.0,偏热,4.0,小升,1,-0.2321,-15.1261,-7.3108,1.0,8.0,3.0,,-0.2321,-15.1261,15.1261,0.2321
20260313,excess_5d,3.3203,4.0,偏热,4.0,小升,1,1.4402,-12.2208,-4.7015,2.0,7.0,5.0,-2.0,1.4402,-12.2208,12.2208,-1.4402
20260313,excess_10d,-7.3727,1.0,极冷,4.0,小升,1,1.4402,-12.2208,-4.7015,2.0,7.0,5.0,-2.0,1.4402,-12.2208,12.2208,-1.4402
20260313,daily_excess,2.2172,5.0,极热,3.0,稳定,1,1.4402,-12.2208,-4.7015,2.0,7.0,5.0,-2.0,1.4402,-12.2208,12.2208,-1.4402
20260316,excess_5d,5.7298,5.0,极热,4.0,小升,1,1.8228,-11.8898,-4.3421,1.0,6.0,4.0,-2.0,1.8228,-11.8898,11.8898,-1.8228
20260316,excess_10d,-1.2354,2.0,偏冷,5.0,大升,1,1.8228,-11.8898,-4.3421,1.0,6.0,4.0,-2.0,1.8228,-11.8898,11.8898,-1.8228
20260316,daily_excess,0.339,3.0,中性,2.0,小降,1,1.8228,-11.8898,-4.3421,1.0,6.0,4.0,-2.0,1.8228,-11.8898,11.8898,-1.8228
20260317,excess_5d,3.1245,4.0,偏热,2.0,小降,1,9.3907,-8.1568,0.0109,20.0,5.0,17.0,0.0012,9.3907,-8.1568,8.1568,-9.3907
20260317,excess_10d,-2.1143,2.0,偏冷,3.0,稳定,1,9.3907,-8.1568,0.0109,20.0,5.0,17.0,0.0012,9.3907,-8.1568,8.1568,-9.3907
20260317,daily_excess,-0.7348,2.0,偏冷,2.0,小降,1,9.3907,-8.1568,0.0109,20.0,5.0,17.0,0.0012,9.3907,-8.1568,8.1568,-9.3907
20260318,excess_5d,1.7673,4.0,偏热,2.0,小降,1,5.7979,-11.1733,-3.2738,19.0,4.0,16.0,-0.5647,5.7979,-11.1733,11.1733,-5.7979
20260318,excess_10d,0.1002,3.0,中性,4.0,小升,1,5.7979,-11.1733,-3.2738,19.0,4.0,16.0,-0.5647,5.7979,-11.1733,11.1733,-5.7979
20260318,daily_excess,-1.5874,2.0,偏冷,2.0,小降,1,5.7979,-11.1733,-3.2738,19.0,4.0,16.0,-0.5647,5.7979,-11.1733,11.1733,-5.7979
20260319,excess_5d,1.2302,3.0,中性,3.0,稳定,1,6.7107,-10.4069,-2.4393,18.0,3.0,15.0,-0.3635,6.7107,-10.4069,10.4069,-6.7107
20260319,excess_10d,1.0303,3.0,中性,4.0,小升,1,6.7107,-10.4069,-2.4393,18.0,3.0,15.0,-0.3635,6.7107,-10.4069,10.4069,-6.7107
20260319,daily_excess,0.9962,4.0,偏热,4.0,小升,1,6.7107,-10.4069,-2.4393,18.0,3.0,15.0,-0.3635,6.7107,-10.4069,10.4069,-6.7107
20260320,excess_5d,-0.8398,3.0,中性,2.0,小降,1,10.0275,-8.0725,0.4668,17.0,20.0,15.0,0.0466,10.0275,-8.0725,8.0725,-10.0275
20260320,excess_10d,2.4805,3.0,中性,4.0,小升,1,10.0275,-8.0725,0.4668,17.0,20.0,15.0,0.0466,10.0275,-8.0725,8.0725,-10.0275
20260320,daily_excess,0.1471,3.0,中性,2.0,小降,1,10.0275,-8.0725,0.4668,17.0,20.0,15.0,0.0466,10.0275,-8.0725,8.0725,-10.0275
20260323,excess_5d,-3.6312,2.0,偏冷,2.0,小降,1,17.6512,-1.7029,7.4281,16.0,19.0,14.0,0.4208,17.6512,-1.7029,1.7029,-17.6512
20260323,excess_10d,2.0986,3.0,中性,3.0,稳定,1,17.6512,-1.7029,7.4281,16.0,19.0,14.0,0.4208,17.6512,-1.7029,1.7029,-17.6512
20260323,daily_excess,-2.4524,1.0,极冷,2.0,小降,1,17.6512,-1.7029,7.4281,16.0,19.0,14.0,0.4208,17.6512,-1.7029,1.7029,-17.6512
20260324,excess_5d,-2.2485,2.0,偏冷,4.0,小升,1,15.6145,-3.4045,5.5684,15.0,18.0,13.0,0.3566,15.6145,-3.4045,3.4045,-15.6145
20260324,excess_10d,0.8761,3.0,中性,2.0,小降,1,15.6145,-3.4045,5.5684,15.0,18.0,13.0,0.3566,15.6145,-3.4045,3.4045,-15.6145
20260324,daily_excess,0.648,4.0,偏热,5.0,大升,1,15.6145,-3.4045,5.5684,15.0,18.0,13.0,0.3566,15.6145,-3.4045,3.4045,-15.6145
20260325,excess_5d,0.6054,3.0,中性,4.0,小升,1,12.6631,-5.8704,2.8734,14.0,17.0,12.0,0.2269,12.6631,-5.8704,5.8704,-12.6631
20260325,excess_10d,2.3727,3.0,中性,4.0,小升,1,12.6631,-5.8704,2.8734,14.0,17.0,12.0,0.2269,12.6631,-5.8704,5.8704,-12.6631
20260325,daily_excess,1.2664,4.0,偏热,3.0,稳定,1,12.6631,-5.8704,2.8734,14.0,17.0,12.0,0.2269,12.6631,-5.8704,5.8704,-12.6631
20260326,excess_5d,-1.3352,2.0,偏冷,2.0,小降,1,13.9056,-7.2769,4.008,13.0,20.0,11.0,0.2882,13.9056,-7.2769,7.2769,-13.9056
20260326,excess_10d,-0.105,3.0,中性,2.0,小降,1,13.9056,-7.2769,4.008,13.0,20.0,11.0,0.2882,13.9056,-7.2769,7.2769,-13.9056
20260326,daily_excess,-0.9443,2.0,偏冷,2.0,小降,1,13.9056,-7.2769,4.008,13.0,20.0,11.0,0.2882,13.9056,-7.2769,7.2769,-13.9056
20260327,excess_5d,2.7056,4.0,偏热,5.0,大升,1,10.7084,-9.8795,1.0885,12.0,19.0,10.0,0.1016,10.7084,-9.8795,9.8795,-10.7084
20260327,excess_10d,1.8658,3.0,中性,4.0,小升,1,10.7084,-9.8795,1.0885,12.0,19.0,10.0,0.1016,10.7084,-9.8795,9.8795,-10.7084
20260327,daily_excess,4.1879,5.0,极热,5.0,大升,1,10.7084,-9.8795,1.0885,12.0,19.0,10.0,0.1016,10.7084,-9.8795,9.8795,-10.7084
20260330,excess_5d,3.1229,4.0,偏热,3.0,稳定,1,8.3965,-11.7615,-1.9639,11.0,18.0,3.0,-0.2339,8.3965,-11.7615,11.7615,-8.3965
20260330,excess_10d,-0.5083,3.0,中性,2.0,小降,1,8.3965,-11.7615,-1.9639,11.0,18.0,3.0,-0.2339,8.3965,-11.7615,11.7615,-8.3965
20260330,daily_excess,-2.0352,2.0,偏冷,1.0,大降,1,8.3965,-11.7615,-1.9639,11.0,18.0,3.0,-0.2339,8.3965,-11.7615,11.7615,-8.3965
20260331,excess_5d,2.1319,4.0,偏热,3.0,稳定,1,8.4316,-11.7329,-2.6572,10.0,17.0,3.0,-0.3151,8.4316,-11.7329,11.7329,-8.4316
20260331,excess_10d,-0.1166,3.0,中性,3.0,稳定,1,8.4316,-11.7329,-2.6572,10.0,17.0,3.0,-0.3151,8.4316,-11.7329,11.7329,-8.4316
20260331,daily_excess,-0.343,3.0,中性,4.0,小升,1,8.4316,-11.7329,-2.6572,10.0,17.0,3.0,-0.3151,8.4316,-11.7329,11.7329,-8.4316
20260401,excess_5d,2.5862,4.0,偏热,3.0,稳定,1,8.5374,-11.6468,-3.1094,9.0,16.0,2.0,-0.3642,8.5374,-11.6468,11.6468,-8.5374
20260401,excess_10d,3.1915,4.0,偏热,5.0,大升,1,8.5374,-11.6468,-3.1094,9.0,16.0,2.0,-0.3642,8.5374,-11.6468,11.6468,-8.5374
20260401,daily_excess,1.7207,4.0,偏热,4.0,小升,1,8.5374,-11.6468,-3.1094,9.0,16.0,2.0,-0.3642,8.5374,-11.6468,11.6468,-8.5374
20260402,excess_5d,4.4922,4.0,偏热,4.0,小升,1,10.8308,-9.7798,-1.0621,8.0,15.0,1.0,-0.0981,10.8308,-9.7798,9.7798,-10.8308
20260402,excess_10d,3.157,4.0,偏热,3.0,稳定,1,10.8308,-9.7798,-1.0621,8.0,15.0,1.0,-0.0981,10.8308,-9.7798,9.7798,-10.8308
20260402,daily_excess,0.9617,4.0,偏热,3.0,稳定,1,10.8308,-9.7798,-1.0621,8.0,15.0,1.0,-0.0981,10.8308,-9.7798,9.7798,-10.8308
20260403,excess_5d,1.1989,3.0,中性,1.0,大降,1,11.958,-8.8623,0.1285,7.0,14.0,19.0,0.0107,11.958,-8.8623,8.8623,-11.958
20260403,excess_10d,3.9045,4.0,偏热,3.0,稳定,1,11.958,-8.8623,0.1285,7.0,14.0,19.0,0.0107,11.958,-8.8623,8.8623,-11.958
20260403,daily_excess,0.8946,4.0,偏热,3.0,稳定,1,11.958,-8.8623,0.1285,7.0,14.0,19.0,0.0107,11.958,-8.8623,8.8623,-11.958
20260407,excess_5d,4.3656,4.0,偏热,4.0,小升,1,12.8153,-8.1644,1.7061,6.0,13.0,18.0,0.1331,12.8153,-8.1644,8.1644,-12.8153
20260407,excess_10d,7.4884,5.0,极热,5.0,大升,1,12.8153,-8.1644,1.7061,6.0,13.0,18.0,0.1331,12.8153,-8.1644,8.1644,-12.8153
20260407,daily_excess,1.1315,4.0,偏热,3.0,稳定,1,12.8153,-8.1644,1.7061,6.0,13.0,18.0,0.1331,12.8153,-8.1644,8.1644,-12.8153
20260408,excess_5d,4.311,4.0,偏热,3.0,稳定,1,5.2311,-14.3382,-5.1313,5.0,12.0,17.0,-0.9809,5.2311,-14.3382,14.3382,-5.2311
20260408,excess_10d,6.4429,5.0,极热,3.0,稳定,1,5.2311,-14.3382,-5.1313,5.0,12.0,17.0,-0.9809,5.2311,-14.3382,14.3382,-5.2311
20260408,daily_excess,-0.3975,3.0,中性,2.0,小降,1,5.2311,-14.3382,-5.1313,5.0,12.0,17.0,-0.9809,5.2311,-14.3382,14.3382,-5.2311
20260409,excess_5d,2.5419,4.0,偏热,2.0,小降,1,7.8596,-12.1985,-2.7616,4.0,11.0,16.0,-0.3514,7.8596,-12.1985,12.1985,-7.8596
20260409,excess_10d,5.128,4.0,偏热,2.0,小降,1,7.8596,-12.1985,-2.7616,4.0,11.0,16.0,-0.3514,7.8596,-12.1985,12.1985,-7.8596
20260409,daily_excess,-0.0485,3.0,中性,3.0,稳定,1,7.8596,-12.1985,-2.7616,4.0,11.0,16.0,-0.3514,7.8596,-12.1985,12.1985,-7.8596
20260410,excess_5d,1.0226,3.0,中性,2.0,小降,1,8.7377,-11.4838,-1.97,3.0,10.0,15.0,-0.2255,8.7377,-11.4838,11.4838,-8.7377
20260410,excess_10d,5.5149,4.0,偏热,3.0,稳定,1,8.7377,-11.4838,-1.97,3.0,10.0,15.0,-0.2255,8.7377,-11.4838,11.4838,-8.7377
20260410,daily_excess,-0.5575,3.0,中性,3.0,稳定,1,8.7377,-11.4838,-1.97,3.0,10.0,15.0,-0.2255,8.7377,-11.4838,11.4838,-8.7377
20260413,excess_5d,-2.3218,2.0,偏冷,1.0,大降,1,10.3061,-10.207,0.2312,2.0,9.0,15.0,0.0224,10.3061,-10.207,10.207,-10.3061
20260413,excess_10d,-1.1229,2.0,偏冷,1.0,大降,1,10.3061,-10.207,0.2312,2.0,9.0,15.0,0.0224,10.3061,-10.207,10.207,-10.3061
20260413,daily_excess,-2.4498,1.0,极冷,2.0,小降,1,10.3061,-10.207,0.2312,2.0,9.0,15.0,0.0224,10.3061,-10.207,10.207,-10.3061
20260414,excess_5d,-2.4315,2.0,偏冷,3.0,稳定,1,4.0075,-15.3343,-6.9819,1.0,8.0,13.0,-1.7422,4.0075,-15.3343,15.3343,-4.0075
20260414,excess_10d,1.934,3.0,中性,4.0,小升,1,4.0075,-15.3343,-6.9819,1.0,8.0,13.0,-1.7422,4.0075,-15.3343,15.3343,-4.0075
20260414,daily_excess,1.0217,4.0,偏热,5.0,大升,1,4.0075,-15.3343,-6.9819,1.0,8.0,13.0,-1.7422,4.0075,-15.3343,15.3343,-4.0075
20260415,excess_5d,-4.019,1.0,极冷,2.0,小降,1,3.6506,-14.6967,-6.5638,16.0,7.0,20.0,-1.798,3.6506,-14.6967,14.6967,-3.6506
20260415,excess_10d,0.2921,3.0,中性,2.0,小降,1,3.6506,-14.6967,-6.5638,16.0,7.0,20.0,-1.798,3.6506,-14.6967,14.6967,-3.6506
20260415,daily_excess,-1.9849,2.0,偏冷,1.0,大降,1,3.6506,-14.6967,-6.5638,16.0,7.0,20.0,-1.798,3.6506,-14.6967,14.6967,-3.6506
20260416,excess_5d,-3.9935,1.0,极冷,3.0,稳定,1,3.4558,-14.857,-7.1048,15.0,6.0,18.0,-2.0,3.4558,-14.857,14.857,-3.4558
20260416,excess_10d,-1.4516,2.0,偏冷,2.0,小降,1,3.4558,-14.857,-7.1048,15.0,6.0,18.0,-2.0,3.4558,-14.857,14.857,-3.4558
20260416,daily_excess,-0.023,3.0,中性,4.0,小升,1,3.4558,-14.857,-7.1048,15.0,6.0,18.0,-2.0,3.4558,-14.857,14.857,-3.4558
20260417,excess_5d,-3.4276,2.0,偏冷,3.0,稳定,1,2.8758,-15.3343,-7.6256,14.0,5.0,17.0,-2.0,2.8758,-15.3343,15.3343,-2.8758
20260417,excess_10d,-2.4049,2.0,偏冷,3.0,稳定,1,2.8758,-15.3343,-7.6256,14.0,5.0,17.0,-2.0,2.8758,-15.3343,15.3343,-2.8758
20260417,daily_excess,0.0084,3.0,中性,3.0,稳定,1,2.8758,-15.3343,-7.6256,14.0,5.0,17.0,-2.0,2.8758,-15.3343,15.3343,-2.8758
20260420,excess_5d,-14.6887,1.0,极冷,1.0,大降,1,10.8637,-8.7603,-0.8839,13.0,4.0,16.0,-0.0814,10.8637,-8.7603,8.7603,-10.8637
20260420,excess_10d,-17.0104,1.0,极冷,1.0,大降,1,10.8637,-8.7603,-0.8839,13.0,4.0,16.0,-0.0814,10.8637,-8.7603,8.7603,-10.8637
20260420,daily_excess,-13.7109,1.0,极冷,1.0,大降,1,10.8637,-8.7603,-0.8839,13.0,4.0,16.0,-0.0814,10.8637,-8.7603,8.7603,-10.8637
20260421,excess_5d,-18.3839,1.0,极冷,1.0,大降,1,14.4094,-5.8423,2.2861,12.0,3.0,15.0,0.1587,14.4094,-5.8423,5.8423,-14.4094
20260421,excess_10d,-20.8154,1.0,极冷,1.0,大降,1,14.4094,-5.8423,2.2861,12.0,3.0,15.0,0.1587,14.4094,-5.8423,5.8423,-14.4094
20260421,daily_excess,-2.6735,1.0,极冷,5.0,大升,1,14.4094,-5.8423,2.2861,12.0,3.0,15.0,0.1587,14.4094,-5.8423,5.8423,-14.4094
20260422,excess_5d,-13.3202,1.0,极冷,5.0,大升,1,11.9661,-7.8531,0.5367,11.0,2.0,14.0,0.0449,11.9661,-7.8531,7.8531,-11.9661
20260422,excess_10d,-17.3391,1.0,极冷,5.0,大升,1,11.9661,-7.8531,0.5367,11.0,2.0,14.0,0.0449,11.9661,-7.8531,7.8531,-11.9661
20260422,daily_excess,3.0788,5.0,极热,5.0,大升,1,11.9661,-7.8531,0.5367,11.0,2.0,14.0,0.0449,11.9661,-7.8531,7.8531,-11.9661
20260423,excess_5d,-15.8842,1.0,极冷,2.0,小降,1,19.3461,-4.0927,5.304,20.0,1.0,14.0,0.2742,19.3461,-4.0927,4.0927,-19.3461
20260423,excess_10d,-19.8777,1.0,极冷,2.0,小降,1,19.3461,-4.0927,5.304,20.0,1.0,14.0,0.2742,19.3461,-4.0927,4.0927,-19.3461
20260423,daily_excess,-2.587,1.0,极冷,1.0,大降,1,19.3461,-4.0927,5.304,20.0,1.0,14.0,0.2742,19.3461,-4.0927,4.0927,-19.3461
20260424,excess_5d,-15.9335,1.0,极冷,3.0,稳定,1,25.5521,-0.9342,9.4152,20.0,1.0,18.0,0.3685,25.5521,-0.9342,0.9342,-25.5521
20260424,excess_10d,-19.3611,1.0,极冷,3.0,稳定,1,25.5521,-0.9342,9.4152,20.0,1.0,18.0,0.3685,25.5521,-0.9342,0.9342,-25.5521
20260424,daily_excess,-0.0409,3.0,中性,4.0,小升,1,25.5521,-0.9342,9.4152,20.0,1.0,18.0,0.3685,25.5521,-0.9342,0.9342,-25.5521
20260427,excess_5d,2.3296,4.0,偏热,5.0,大升,1,26.8033,-3.8407,6.4052,20.0,2.0,14.0,0.239,26.8033,-3.8407,3.8407,-26.8033
20260427,excess_10d,-12.3591,1.0,极冷,5.0,大升,1,26.8033,-3.8407,6.4052,20.0,2.0,14.0,0.239,26.8033,-3.8407,3.8407,-26.8033
20260427,daily_excess,4.5522,5.0,极热,5.0,大升,1,26.8033,-3.8407,6.4052,20.0,2.0,14.0,0.239,26.8033,-3.8407,3.8407,-26.8033
20260428,excess_5d,6.6006,5.0,极热,5.0,大升,1,29.5335,-1.7703,9.7129,19.0,1.0,13.0,0.3289,29.5335,-1.7703,1.7703,-29.5335
20260428,excess_10d,-11.7833,1.0,极冷,3.0,稳定,1,29.5335,-1.7703,9.7129,19.0,1.0,13.0,0.3289,29.5335,-1.7703,1.7703,-29.5335
20260428,daily_excess,1.5975,4.0,偏热,2.0,小降,1,29.5335,-1.7703,9.7129,19.0,1.0,13.0,0.3289,29.5335,-1.7703,1.7703,-29.5335
20260429,excess_5d,3.1579,4.0,偏热,1.0,大降,1,29.4251,1.4103,10.404,18.0,1.0,8.0,0.3536,29.4251,1.4103,-1.4103,-29.4251
20260429,excess_10d,-10.1623,1.0,极冷,4.0,小升,1,29.4251,1.4103,10.404,18.0,1.0,8.0,0.3536,29.4251,1.4103,-1.4103,-29.4251
20260429,daily_excess,-0.3639,3.0,中性,2.0,小降,1,29.4251,1.4103,10.404,18.0,1.0,8.0,0.3536,29.4251,1.4103,-1.4103,-29.4251
20260430,excess_5d,5.7436,5.0,极热,4.0,小升,0,,,,,,,,,,,
20260430,excess_10d,-10.1406,1.0,极冷,3.0,稳定,0,,,,,,,,,,,
20260430,daily_excess,-0.0013,3.0,中性,3.0,稳定,0,,,,,,,,,,,
20260506,excess_5d,5.233,5.0,极热,3.0,稳定,0,,,,,,,,,,,
20260506,excess_10d,-10.7005,1.0,极冷,3.0,稳定,0,,,,,,,,,,,
20260506,daily_excess,-0.5514,3.0,中性,3.0,稳定,0,,,,,,,,,,,
20260507,excess_5d,2.4058,4.0,偏热,2.0,小降,0,,,,,,,,,,,
20260507,excess_10d,4.7354,4.0,偏热,5.0,大升,0,,,,,,,,,,,
20260507,daily_excess,1.725,4.0,偏热,4.0,小升,0,,,,,,,,,,,
20260508,excess_5d,-3.1953,2.0,偏冷,1.0,大降,0,,,,,,,,,,,
20260508,excess_10d,3.4053,4.0,偏热,2.0,小降,0,,,,,,,,,,,
20260508,daily_excess,-4.0036,1.0,极冷,1.0,大降,0,,,,,,,,,,,
20260511,excess_5d,-1.5701,2.0,偏冷,4.0,小升,0,,,,,,,,,,,
20260511,excess_10d,1.5878,3.0,中性,2.0,小降,0,,,,,,,,,,,
20260511,daily_excess,1.2613,4.0,偏热,5.0,大升,0,,,,,,,,,,,
20260512,excess_5d,1.071,3.0,中性,4.0,小升,0,,,,,,,,,,,
20260512,excess_10d,6.8146,5.0,极热,5.0,大升,0,,,,,,,,,,,
20260512,daily_excess,2.6398,5.0,极热,4.0,小升,0,,,,,,,,,,,
20260513,excess_5d,0.0352,3.0,中性,3.0,稳定,0,,,,,,,,,,,
20260513,excess_10d,5.2683,4.0,偏热,2.0,小降,0,,,,,,,,,,,
20260513,daily_excess,-1.5872,2.0,偏冷,1.0,大降,0,,,,,,,,,,,
20260514,excess_5d,2.4432,4.0,偏热,4.0,小升,0,,,,,,,,,,,
20260514,excess_10d,4.8491,4.0,偏热,3.0,稳定,0,,,,,,,,,,,
20260514,daily_excess,4.133,5.0,极热,5.0,大升,0,,,,,,,,,,,
20260515,excess_5d,4.5943,4.0,偏热,4.0,小升,0,,,,,,,,,,,
20260515,excess_10d,1.399,3.0,中性,1.0,大降,0,,,,,,,,,,,
20260515,daily_excess,-1.8525,2.0,偏冷,1.0,大降,0,,,,,,,,,,,
20260518,excess_5d,3.3177,4.0,偏热,2.0,小降,0,,,,,,,,,,,
20260518,excess_10d,1.7476,3.0,中性,3.0,稳定,0,,,,,,,,,,,
20260518,daily_excess,-0.0153,3.0,中性,4.0,小升,0,,,,,,,,,,,
20260519,excess_5d,-0.2299,3.0,中性,1.0,大降,0,,,,,,,,,,,
20260519,excess_10d,0.8411,3.0,中性,3.0,稳定,0,,,,,,,,,,,
20260519,daily_excess,-0.9078,2.0,偏冷,2.0,小降,0,,,,,,,,,,,
20260520,excess_5d,6.7213,5.0,极热,5.0,大升,0,,,,,,,,,,,
20260520,excess_10d,6.7566,5.0,极热,5.0,大升,0,,,,,,,,,,,
20260520,daily_excess,5.3641,5.0,极热,5.0,大升,0,,,,,,,,,,,
20260521,excess_5d,-0.2191,3.0,中性,1.0,大降,0,,,,,,,,,,,
20260521,excess_10d,2.2242,3.0,中性,1.0,大降,0,,,,,,,,,,,
20260521,daily_excess,-2.8074,1.0,极冷,1.0,大降,0,,,,,,,,,,,
20260522,excess_5d,2.3106,4.0,偏热,4.0,小升,0,,,,,,,,,,,
20260522,excess_10d,6.9049,5.0,极热,5.0,大升,0,,,,,,,,,,,
20260522,daily_excess,0.6771,4.0,偏热,5.0,大升,0,,,,,,,,,,,
20260525,excess_5d,5.2844,5.0,极热,4.0,小升,0,,,,,,,,,,,
20260525,excess_10d,8.6021,5.0,极热,4.0,小升,0,,,,,,,,,,,
20260525,daily_excess,2.9584,5.0,极热,4.0,小升,0,,,,,,,,,,,
20260526,excess_5d,21.7931,5.0,极热,5.0,大升,0,,,,,,,,,,,
20260526,excess_10d,21.5632,5.0,极热,5.0,大升,0,,,,,,,,,,,
20260526,daily_excess,15.6009,5.0,极热,5.0,大升,0,,,,,,,,,,,
20260527,excess_5d,20.4906,5.0,极热,2.0,小降,0,,,,,,,,,,,
20260527,excess_10d,27.2119,5.0,极热,5.0,大升,0,,,,,,,,,,,
20260527,daily_excess,4.0616,5.0,极热,1.0,大降,0,,,,,,,,,,,
20260528,excess_5d,26.0877,5.0,极热,5.0,大升,0,,,,,,,,,,,
20260528,excess_10d,25.8687,5.0,极热,2.0,小降,0,,,,,,,,,,,
20260528,daily_excess,2.7897,5.0,极热,2.0,小降,0,,,,,,,,,,,
20260529,excess_5d,22.526,5.0,极热,1.0,大降,0,,,,,,,,,,,
20260529,excess_10d,24.8366,5.0,极热,3.0,稳定,0,,,,,,,,,,,
20260529,daily_excess,-2.8846,1.0,极冷,1.0,大降,0,,,,,,,,,,,
20260601,excess_5d,24.3783,5.0,极热,4.0,小升,0,,,,,,,,,,,
20260601,excess_10d,29.6627,5.0,极热,5.0,大升,0,,,,,,,,,,,
20260601,daily_excess,4.8108,5.0,极热,5.0,大升,0,,,,,,,,,,,
